Gene stable ID,Gene stable ID version,Transcript stable ID,Transcript stable ID version,Gene name
ENSG00000210049,ENSG00000210049.1,ENST00000387314,ENST00000387314.1,MT-TF
ENSG00000211459,ENSG00000211459.2,ENST00000389680,ENST00000389680.2,MT-RNR1
ENSG00000210077,ENSG00000210077.1,ENST00000387342,ENST00000387342.1,MT-TV
ENSG00000210082,ENSG00000210082.2,ENST00000387347,ENST00000387347.2,MT-RNR2
ENSG00000209082,ENSG00000209082.1,ENST00000386347,ENST00000386347.1,MT-TL1
ENSG00000198888,ENSG00000198888.2,ENST00000361390,ENST00000361390.2,MT-ND1
ENSG00000210156,ENSG00000210156.1,ENST00000387421,ENST00000387421.1,MT-TK
ENSG00000228253,ENSG00000228253.1,ENST00000361851,ENST00000361851.1,MT-ATP8
ENSG00000198899,ENSG00000198899.2,ENST00000361899,ENST00000361899.2,MT-ATP6
ENSG00000198938,ENSG00000198938.2,ENST00000362079,ENST00000362079.2,MT-CO3
ENSG00000210164,ENSG00000210164.1,ENST00000387429,ENST00000387429.1,MT-TG
ENSG00000198840,ENSG00000198840.2,ENST00000361227,ENST00000361227.2,MT-ND3
ENSG00000210174,ENSG00000210174.1,ENST00000387439,ENST00000387439.1,MT-TR
ENSG00000212907,ENSG00000212907.2,ENST00000361335,ENST00000361335.1,MT-ND4L
ENSG00000198886,ENSG00000198886.2,ENST00000361381,ENST00000361381.2,MT-ND4
ENSG00000210176,ENSG00000210176.1,ENST00000387441,ENST00000387441.1,MT-TH
ENSG00000210184,ENSG00000210184.1,ENST00000387449,ENST00000387449.1,MT-TS2
ENSG00000210191,ENSG00000210191.1,ENST00000387456,ENST00000387456.1,MT-TL2
ENSG00000198786,ENSG00000198786.2,ENST00000361567,ENST00000361567.2,MT-ND5
ENSG00000198695,ENSG00000198695.2,ENST00000361681,ENST00000361681.2,MT-ND6
ENSG00000210194,ENSG00000210194.1,ENST00000387459,ENST00000387459.1,MT-TE
ENSG00000198727,ENSG00000198727.2,ENST00000361789,ENST00000361789.2,MT-CYB
ENSG00000210195,ENSG00000210195.2,ENST00000387460,ENST00000387460.2,MT-TT
ENSG00000210196,ENSG00000210196.2,ENST00000387461,ENST00000387461.2,MT-TP
ENSG00000274760,ENSG00000274760.1,ENST00000610973,ENST00000610973.1,AL049766.1
ENSG00000200334,ENSG00000200334.1,ENST00000363464,ENST00000363464.1,AC008427.1
ENSG00000209042,ENSG00000209042.1,ENST00000386307,ENST00000386307.1,SNORD12C
ENSG00000274086,ENSG00000274086.1,ENST00000613724,ENST00000613724.1,L29074.2
ENSG00000221771,ENSG00000221771.1,ENST00000408844,ENST00000408844.1,MIR1205
ENSG00000277830,ENSG00000277830.1,ENST00000615787,ENST00000615787.1,AL049766.2
ENSG00000196547,ENSG00000196547.15,ENST00000558290,ENST00000558290.5,MAN2A2
ENSG00000196547,ENSG00000196547.15,ENST00000558853,ENST00000558853.5,MAN2A2
ENSG00000196547,ENSG00000196547.15,ENST00000559999,ENST00000559999.5,MAN2A2
ENSG00000286065,ENSG00000286065.1,ENST00000651507,ENST00000651507.1,AC015911.11
ENSG00000068120,ENSG00000068120.15,ENST00000585811,ENST00000585811.1,COASY
ENSG00000068120,ENSG00000068120.15,ENST00000585909,ENST00000585909.1,COASY
ENSG00000068120,ENSG00000068120.15,ENST00000586771,ENST00000586771.1,COASY
ENSG00000068120,ENSG00000068120.15,ENST00000421097,ENST00000421097.6,COASY
ENSG00000068120,ENSG00000068120.15,ENST00000591779,ENST00000591779.5,COASY
ENSG00000068120,ENSG00000068120.15,ENST00000587858,ENST00000587858.5,COASY
ENSG00000068120,ENSG00000068120.15,ENST00000587214,ENST00000587214.1,COASY
ENSG00000068120,ENSG00000068120.15,ENST00000587157,ENST00000587157.1,COASY
ENSG00000068120,ENSG00000068120.15,ENST00000590958,ENST00000590958.5,COASY
ENSG00000068120,ENSG00000068120.15,ENST00000393818,ENST00000393818.3,COASY
ENSG00000143156,ENSG00000143156.14,ENST00000472647,ENST00000472647.5,NME7
ENSG00000143156,ENSG00000143156.14,ENST00000525440,ENST00000525440.5,NME7
ENSG00000143156,ENSG00000143156.14,ENST00000485609,ENST00000485609.5,NME7
ENSG00000140450,ENSG00000140450.9,ENST00000268042,ENST00000268042.7,ARRDC4
ENSG00000117475,ENSG00000117475.14,ENST00000367807,ENST00000367807.7,BLZF1
ENSG00000117475,ENSG00000117475.14,ENST00000367808,ENST00000367808.8,BLZF1
ENSG00000117475,ENSG00000117475.14,ENST00000329281,ENST00000329281.6,BLZF1
ENSG00000117475,ENSG00000117475.14,ENST00000420531,ENST00000420531.1,BLZF1
ENSG00000117475,ENSG00000117475.14,ENST00000426663,ENST00000426663.1,BLZF1
ENSG00000068079,ENSG00000068079.8,ENST00000415816,ENST00000415816.7,IFI35
ENSG00000068079,ENSG00000068079.8,ENST00000438323,ENST00000438323.2,IFI35
ENSG00000068079,ENSG00000068079.8,ENST00000246911,ENST00000246911.6,IFI35
ENSG00000068079,ENSG00000068079.8,ENST00000536969,ENST00000536969.1,IFI35
ENSG00000068079,ENSG00000068079.8,ENST00000396722,ENST00000396722.2,IFI35
ENSG00000235770,ENSG00000235770.6,ENST00000451392,ENST00000451392.5,LINC00607
ENSG00000235770,ENSG00000235770.6,ENST00000662624,ENST00000662624.1,LINC00607
ENSG00000247121,ENSG00000247121.7,ENST00000665723,ENST00000665723.1,AC009126.1
ENSG00000247121,ENSG00000247121.7,ENST00000660209,ENST00000660209.1,AC009126.1
ENSG00000247121,ENSG00000247121.7,ENST00000656950,ENST00000656950.1,AC009126.1
ENSG00000247121,ENSG00000247121.7,ENST00000659319,ENST00000659319.1,AC009126.1
ENSG00000247121,ENSG00000247121.7,ENST00000655392,ENST00000655392.1,AC009126.1
ENSG00000247121,ENSG00000247121.7,ENST00000660988,ENST00000660988.1,AC009126.1
ENSG00000247121,ENSG00000247121.7,ENST00000663822,ENST00000663822.1,AC009126.1
ENSG00000247121,ENSG00000247121.7,ENST00000665421,ENST00000665421.1,AC009126.1
ENSG00000247121,ENSG00000247121.7,ENST00000669694,ENST00000669694.1,AC009126.1
ENSG00000113441,ENSG00000113441.16,ENST00000395784,ENST00000395784.1,LNPEP
ENSG00000167460,ENSG00000167460.17,ENST00000658224,ENST00000658224.1,TPM4
ENSG00000167460,ENSG00000167460.17,ENST00000344824,ENST00000344824.11,TPM4
ENSG00000287094,ENSG00000287094.1,ENST00000667807,ENST00000667807.1,AL049552.2
ENSG00000135541,ENSG00000135541.21,ENST00000533029,ENST00000533029.1,AHI1
ENSG00000196684,ENSG00000196684.12,ENST00000586872,ENST00000586872.5,HSH2D
ENSG00000196684,ENSG00000196684.12,ENST00000613986,ENST00000613986.4,HSH2D
ENSG00000196684,ENSG00000196684.12,ENST00000616070,ENST00000616070.4,HSH2D
ENSG00000196684,ENSG00000196684.12,ENST00000535834,ENST00000535834.1,HSH2D
ENSG00000196684,ENSG00000196684.12,ENST00000613195,ENST00000613195.4,HSH2D
ENSG00000196684,ENSG00000196684.12,ENST00000593031,ENST00000593031.1,HSH2D
ENSG00000261218,ENSG00000261218.5,ENST00000565674,ENST00000565674.1,AC099524.1
ENSG00000115271,ENSG00000115271.11,ENST00000473240,ENST00000473240.5,GCA
ENSG00000115271,ENSG00000115271.11,ENST00000446271,ENST00000446271.5,GCA
ENSG00000115271,ENSG00000115271.11,ENST00000429691,ENST00000429691.6,GCA
ENSG00000169871,ENSG00000169871.13,ENST00000306085,ENST00000306085.11,TRIM56
ENSG00000169871,ENSG00000169871.13,ENST00000412507,ENST00000412507.1,TRIM56
ENSG00000115267,ENSG00000115267.8,ENST00000649979,ENST00000649979.2,IFIH1
ENSG00000115267,ENSG00000115267.8,ENST00000648433,ENST00000648433.1,IFIH1
ENSG00000115267,ENSG00000115267.8,ENST00000421365,ENST00000421365.2,IFIH1
ENSG00000140464,ENSG00000140464.20,ENST00000395135,ENST00000395135.7,PML
ENSG00000140464,ENSG00000140464.20,ENST00000395132,ENST00000395132.6,PML
ENSG00000140464,ENSG00000140464.20,ENST00000268059,ENST00000268059.10,PML
ENSG00000140464,ENSG00000140464.20,ENST00000354026,ENST00000354026.10,PML
ENSG00000140464,ENSG00000140464.20,ENST00000268058,ENST00000268058.8,PML
ENSG00000140464,ENSG00000140464.20,ENST00000565898,ENST00000565898.5,PML
ENSG00000140464,ENSG00000140464.20,ENST00000569477,ENST00000569477.5,PML
ENSG00000140464,ENSG00000140464.20,ENST00000569965,ENST00000569965.5,PML
ENSG00000140464,ENSG00000140464.20,ENST00000567543,ENST00000567543.5,PML
ENSG00000140464,ENSG00000140464.20,ENST00000436891,ENST00000436891.7,PML
ENSG00000140464,ENSG00000140464.20,ENST00000435786,ENST00000435786.6,PML
ENSG00000140464,ENSG00000140464.20,ENST00000564428,ENST00000564428.5,PML
ENSG00000140464,ENSG00000140464.20,ENST00000359928,ENST00000359928.8,PML
ENSG00000140464,ENSG00000140464.20,ENST00000563500,ENST00000563500.5,PML
ENSG00000112306,ENSG00000112306.8,ENST00000230050,ENST00000230050.4,RPS12
ENSG00000112306,ENSG00000112306.8,ENST00000484616,ENST00000484616.2,RPS12
ENSG00000265241,ENSG00000265241.7,ENST00000583313,ENST00000583313.7,RBM8A
ENSG00000265241,ENSG00000265241.7,ENST00000632555,ENST00000632555.1,RBM8A
ENSG00000265241,ENSG00000265241.7,ENST00000369307,ENST00000369307.4,RBM8A
ENSG00000265241,ENSG00000265241.7,ENST00000498663,ENST00000498663.5,RBM8A
ENSG00000265241,ENSG00000265241.7,ENST00000484825,ENST00000484825.1,RBM8A
ENSG00000265241,ENSG00000265241.7,ENST00000634161,ENST00000634161.1,RBM8A
ENSG00000280778,ENSG00000280778.1,ENST00000630636,ENST00000630636.1,AC243547.3
ENSG00000280778,ENSG00000280778.1,ENST00000625258,ENST00000625258.1,AC243547.3
ENSG00000234222,ENSG00000234222.6,ENST00000437797,ENST00000437797.5,LIX1L-AS1
ENSG00000234222,ENSG00000234222.6,ENST00000601726,ENST00000601726.3,LIX1L-AS1
ENSG00000234222,ENSG00000234222.6,ENST00000599626,ENST00000599626.5,LIX1L-AS1
ENSG00000234222,ENSG00000234222.6,ENST00000599147,ENST00000599147.5,LIX1L-AS1
ENSG00000234222,ENSG00000234222.6,ENST00000595494,ENST00000595494.5,LIX1L-AS1
ENSG00000234222,ENSG00000234222.6,ENST00000595518,ENST00000595518.5,LIX1L-AS1
ENSG00000234222,ENSG00000234222.6,ENST00000597144,ENST00000597144.5,LIX1L-AS1
ENSG00000234222,ENSG00000234222.6,ENST00000599469,ENST00000599469.5,LIX1L-AS1
ENSG00000234222,ENSG00000234222.6,ENST00000598354,ENST00000598354.5,LIX1L-AS1
ENSG00000234222,ENSG00000234222.6,ENST00000598103,ENST00000598103.5,LIX1L-AS1
ENSG00000234222,ENSG00000234222.6,ENST00000600340,ENST00000600340.5,LIX1L-AS1
ENSG00000234222,ENSG00000234222.6,ENST00000630257,ENST00000630257.2,LIX1L-AS1
ENSG00000234222,ENSG00000234222.6,ENST00000448561,ENST00000448561.5,LIX1L-AS1
ENSG00000234222,ENSG00000234222.6,ENST00000421764,ENST00000421764.1,LIX1L-AS1
ENSG00000183486,ENSG00000183486.13,ENST00000330714,ENST00000330714.8,MX2
ENSG00000183486,ENSG00000183486.13,ENST00000436410,ENST00000436410.5,MX2
ENSG00000183486,ENSG00000183486.13,ENST00000435611,ENST00000435611.5,MX2
ENSG00000183486,ENSG00000183486.13,ENST00000494252,ENST00000494252.1,MX2
ENSG00000183486,ENSG00000183486.13,ENST00000495892,ENST00000495892.1,MX2
ENSG00000283563,ENSG00000283563.1,ENST00000635992,ENST00000635992.1,AC098650.1
ENSG00000206559,ENSG00000206559.8,ENST00000420223,ENST00000420223.5,ZCWPW2
ENSG00000206559,ENSG00000206559.8,ENST00000383768,ENST00000383768.7,ZCWPW2
ENSG00000163512,ENSG00000163512.14,ENST00000479665,ENST00000479665.6,AZI2
ENSG00000163512,ENSG00000163512.14,ENST00000295748,ENST00000295748.7,AZI2
ENSG00000163512,ENSG00000163512.14,ENST00000463512,ENST00000463512.5,AZI2
ENSG00000163512,ENSG00000163512.14,ENST00000334100,ENST00000334100.10,AZI2
ENSG00000163512,ENSG00000163512.14,ENST00000420543,ENST00000420543.6,AZI2
ENSG00000163512,ENSG00000163512.14,ENST00000457172,ENST00000457172.5,AZI2
ENSG00000163512,ENSG00000163512.14,ENST00000414162,ENST00000414162.5,AZI2
ENSG00000163512,ENSG00000163512.14,ENST00000415852,ENST00000415852.1,AZI2
ENSG00000139083,ENSG00000139083.11,ENST00000396373,ENST00000396373.9,ETV6
ENSG00000139083,ENSG00000139083.11,ENST00000541426,ENST00000541426.1,ETV6
ENSG00000139083,ENSG00000139083.11,ENST00000544715,ENST00000544715.1,ETV6
ENSG00000184979,ENSG00000184979.10,ENST00000215794,ENST00000215794.8,USP18
ENSG00000265972,ENSG00000265972.6,ENST00000582401,ENST00000582401.6,TXNIP
ENSG00000152457,ENSG00000152457.18,ENST00000378289,ENST00000378289.8,DCLRE1C
ENSG00000152457,ENSG00000152457.18,ENST00000378246,ENST00000378246.6,DCLRE1C
ENSG00000152457,ENSG00000152457.18,ENST00000357717,ENST00000357717.6,DCLRE1C
ENSG00000152457,ENSG00000152457.18,ENST00000378249,ENST00000378249.5,DCLRE1C
ENSG00000152457,ENSG00000152457.18,ENST00000396817,ENST00000396817.6,DCLRE1C
ENSG00000152457,ENSG00000152457.18,ENST00000378255,ENST00000378255.5,DCLRE1C
ENSG00000152457,ENSG00000152457.18,ENST00000378254,ENST00000378254.5,DCLRE1C
ENSG00000152457,ENSG00000152457.18,ENST00000378278,ENST00000378278.7,DCLRE1C
ENSG00000152457,ENSG00000152457.18,ENST00000378258,ENST00000378258.5,DCLRE1C
ENSG00000152457,ENSG00000152457.18,ENST00000418843,ENST00000418843.5,DCLRE1C
ENSG00000152457,ENSG00000152457.18,ENST00000378241,ENST00000378241.5,DCLRE1C
ENSG00000152457,ENSG00000152457.18,ENST00000456122,ENST00000456122.1,DCLRE1C
ENSG00000153147,ENSG00000153147.6,ENST00000283131,ENST00000283131.4,SMARCA5
ENSG00000113119,ENSG00000113119.12,ENST00000394671,ENST00000394671.7,TMCO6
ENSG00000113119,ENSG00000113119.12,ENST00000513002,ENST00000513002.5,TMCO6
ENSG00000113119,ENSG00000113119.12,ENST00000509217,ENST00000509217.6,TMCO6
ENSG00000113119,ENSG00000113119.12,ENST00000511410,ENST00000511410.5,TMCO6
ENSG00000113119,ENSG00000113119.12,ENST00000394669,ENST00000394669.8,TMCO6
ENSG00000113119,ENSG00000113119.12,ENST00000504069,ENST00000504069.6,TMCO6
ENSG00000113119,ENSG00000113119.12,ENST00000515653,ENST00000515653.1,TMCO6
ENSG00000113119,ENSG00000113119.12,ENST00000514449,ENST00000514449.5,TMCO6
ENSG00000113119,ENSG00000113119.12,ENST00000505086,ENST00000505086.2,TMCO6
ENSG00000113119,ENSG00000113119.12,ENST00000252100,ENST00000252100.6,TMCO6
ENSG00000017483,ENSG00000017483.15,ENST00000416711,ENST00000416711.5,SLC38A5
ENSG00000017483,ENSG00000017483.15,ENST00000488083,ENST00000488083.5,SLC38A5
ENSG00000177410,ENSG00000177410.13,ENST00000371743,ENST00000371743.8,ZFAS1
ENSG00000177410,ENSG00000177410.13,ENST00000441722,ENST00000441722.5,ZFAS1
ENSG00000177410,ENSG00000177410.13,ENST00000417721,ENST00000417721.5,ZFAS1
ENSG00000177410,ENSG00000177410.13,ENST00000450535,ENST00000450535.5,ZFAS1
ENSG00000177410,ENSG00000177410.13,ENST00000458653,ENST00000458653.5,ZFAS1
ENSG00000177410,ENSG00000177410.13,ENST00000663883,ENST00000663883.1,ZFAS1
ENSG00000177410,ENSG00000177410.13,ENST00000326677,ENST00000326677.9,ZFAS1
ENSG00000177410,ENSG00000177410.13,ENST00000428008,ENST00000428008.6,ZFAS1
ENSG00000177410,ENSG00000177410.13,ENST00000620594,ENST00000620594.2,ZFAS1
ENSG00000177410,ENSG00000177410.13,ENST00000623640,ENST00000623640.1,ZFAS1
ENSG00000177410,ENSG00000177410.13,ENST00000667889,ENST00000667889.1,ZFAS1
ENSG00000177410,ENSG00000177410.13,ENST00000652916,ENST00000652916.1,ZFAS1
ENSG00000124201,ENSG00000124201.15,ENST00000371754,ENST00000371754.8,ZNFX1
ENSG00000124201,ENSG00000124201.15,ENST00000371752,ENST00000371752.5,ZNFX1
ENSG00000124201,ENSG00000124201.15,ENST00000371744,ENST00000371744.5,ZNFX1
ENSG00000124201,ENSG00000124201.15,ENST00000396105,ENST00000396105.6,ZNFX1
ENSG00000105726,ENSG00000105726.17,ENST00000291503,ENST00000291503.9,ATP13A1
ENSG00000221963,ENSG00000221963.6,ENST00000409652,ENST00000409652.5,APOL6
ENSG00000287620,ENSG00000287620.1,ENST00000669199,ENST00000669199.1,AC092053.5
ENSG00000134326,ENSG00000134326.11,ENST00000256722,ENST00000256722.9,CMPK2
ENSG00000134326,ENSG00000134326.11,ENST00000404168,ENST00000404168.1,CMPK2
ENSG00000134326,ENSG00000134326.11,ENST00000458098,ENST00000458098.5,CMPK2
ENSG00000134321,ENSG00000134321.12,ENST00000474872,ENST00000474872.1,RSAD2
ENSG00000134321,ENSG00000134321.12,ENST00000442639,ENST00000442639.5,RSAD2
ENSG00000134321,ENSG00000134321.12,ENST00000382040,ENST00000382040.4,RSAD2
ENSG00000134321,ENSG00000134321.12,ENST00000489749,ENST00000489749.1,RSAD2
ENSG00000108679,ENSG00000108679.13,ENST00000591778,ENST00000591778.5,LGALS3BP
ENSG00000108679,ENSG00000108679.13,ENST00000262776,ENST00000262776.8,LGALS3BP
ENSG00000108679,ENSG00000108679.13,ENST00000587311,ENST00000587311.5,LGALS3BP
ENSG00000108679,ENSG00000108679.13,ENST00000586720,ENST00000586720.5,LGALS3BP
ENSG00000108679,ENSG00000108679.13,ENST00000587251,ENST00000587251.5,LGALS3BP
ENSG00000108679,ENSG00000108679.13,ENST00000588198,ENST00000588198.5,LGALS3BP
ENSG00000108679,ENSG00000108679.13,ENST00000585407,ENST00000585407.5,LGALS3BP
ENSG00000108679,ENSG00000108679.13,ENST00000589775,ENST00000589775.6,LGALS3BP
ENSG00000108679,ENSG00000108679.13,ENST00000589906,ENST00000589906.5,LGALS3BP
ENSG00000108679,ENSG00000108679.13,ENST00000587310,ENST00000587310.5,LGALS3BP
ENSG00000108679,ENSG00000108679.13,ENST00000588990,ENST00000588990.5,LGALS3BP
ENSG00000108679,ENSG00000108679.13,ENST00000588899,ENST00000588899.1,LGALS3BP
ENSG00000108679,ENSG00000108679.13,ENST00000591274,ENST00000591274.1,LGALS3BP
ENSG00000108679,ENSG00000108679.13,ENST00000586300,ENST00000586300.1,LGALS3BP
ENSG00000105287,ENSG00000105287.12,ENST00000600194,ENST00000600194.5,PRKD2
ENSG00000105287,ENSG00000105287.12,ENST00000595132,ENST00000595132.5,PRKD2
ENSG00000107201,ENSG00000107201.10,ENST00000379868,ENST00000379868.5,DDX58
ENSG00000107201,ENSG00000107201.10,ENST00000379883,ENST00000379883.3,DDX58
ENSG00000197993,ENSG00000197993.9,ENST00000355265,ENST00000355265.7,KEL
ENSG00000197993,ENSG00000197993.9,ENST00000479768,ENST00000479768.6,KEL
ENSG00000197993,ENSG00000197993.9,ENST00000476829,ENST00000476829.5,KEL
ENSG00000197993,ENSG00000197993.9,ENST00000467543,ENST00000467543.6,KEL
ENSG00000197993,ENSG00000197993.9,ENST00000460479,ENST00000460479.2,KEL
ENSG00000002549,ENSG00000002549.12,ENST00000226299,ENST00000226299.8,LAP3
ENSG00000002549,ENSG00000002549.12,ENST00000508497,ENST00000508497.5,LAP3
ENSG00000002549,ENSG00000002549.12,ENST00000512397,ENST00000512397.1,LAP3
ENSG00000002549,ENSG00000002549.12,ENST00000606142,ENST00000606142.5,LAP3
ENSG00000002549,ENSG00000002549.12,ENST00000509583,ENST00000509583.1,LAP3
ENSG00000002549,ENSG00000002549.12,ENST00000618908,ENST00000618908.4,LAP3
ENSG00000160058,ENSG00000160058.18,ENST00000455895,ENST00000455895.6,BSDC1
ENSG00000160058,ENSG00000160058.18,ENST00000444377,ENST00000444377.5,BSDC1
ENSG00000160058,ENSG00000160058.18,ENST00000341071,ENST00000341071.11,BSDC1
ENSG00000160058,ENSG00000160058.18,ENST00000526031,ENST00000526031.5,BSDC1
ENSG00000160058,ENSG00000160058.18,ENST00000419121,ENST00000419121.6,BSDC1
ENSG00000160058,ENSG00000160058.18,ENST00000446293,ENST00000446293.6,BSDC1
ENSG00000160058,ENSG00000160058.18,ENST00000373520,ENST00000373520.8,BSDC1
ENSG00000160058,ENSG00000160058.18,ENST00000527513,ENST00000527513.5,BSDC1
ENSG00000160058,ENSG00000160058.18,ENST00000527163,ENST00000527163.5,BSDC1
ENSG00000160058,ENSG00000160058.18,ENST00000530485,ENST00000530485.1,BSDC1
ENSG00000160058,ENSG00000160058.18,ENST00000474414,ENST00000474414.5,BSDC1
ENSG00000160058,ENSG00000160058.18,ENST00000530876,ENST00000530876.5,BSDC1
ENSG00000160058,ENSG00000160058.18,ENST00000530753,ENST00000530753.1,BSDC1
ENSG00000160058,ENSG00000160058.18,ENST00000533084,ENST00000533084.1,BSDC1
ENSG00000160058,ENSG00000160058.18,ENST00000531222,ENST00000531222.1,BSDC1
ENSG00000175643,ENSG00000175643.10,ENST00000572992,ENST00000572992.1,RMI2
ENSG00000185338,ENSG00000185338.6,ENST00000332029,ENST00000332029.3,SOCS1
ENSG00000185338,ENSG00000185338.6,ENST00000644787,ENST00000644787.1,SOCS1
ENSG00000258558,ENSG00000258558.1,ENST00000554665,ENST00000554665.1,AL121852.1
ENSG00000105402,ENSG00000105402.8,ENST00000263354,ENST00000263354.8,NAPA
ENSG00000105402,ENSG00000105402.8,ENST00000595227,ENST00000595227.5,NAPA
ENSG00000105402,ENSG00000105402.8,ENST00000594001,ENST00000594001.5,NAPA
ENSG00000105402,ENSG00000105402.8,ENST00000593761,ENST00000593761.5,NAPA
ENSG00000105402,ENSG00000105402.8,ENST00000601208,ENST00000601208.5,NAPA
ENSG00000105402,ENSG00000105402.8,ENST00000602082,ENST00000602082.5,NAPA
ENSG00000105402,ENSG00000105402.8,ENST00000602174,ENST00000602174.5,NAPA
ENSG00000105402,ENSG00000105402.8,ENST00000595826,ENST00000595826.5,NAPA
ENSG00000105402,ENSG00000105402.8,ENST00000594740,ENST00000594740.5,NAPA
ENSG00000105402,ENSG00000105402.8,ENST00000597274,ENST00000597274.5,NAPA
ENSG00000105402,ENSG00000105402.8,ENST00000593785,ENST00000593785.5,NAPA
ENSG00000105402,ENSG00000105402.8,ENST00000597160,ENST00000597160.1,NAPA
ENSG00000137628,ENSG00000137628.17,ENST00000393743,ENST00000393743.8,DDX60
ENSG00000137628,ENSG00000137628.17,ENST00000514995,ENST00000514995.1,DDX60
ENSG00000272848,ENSG00000272848.2,ENST00000607876,ENST00000607876.2,AL135910.1
ENSG00000104320,ENSG00000104320.14,ENST00000409330,ENST00000409330.5,NBN
ENSG00000104320,ENSG00000104320.14,ENST00000519426,ENST00000519426.5,NBN
ENSG00000104320,ENSG00000104320.14,ENST00000523444,ENST00000523444.1,NBN
ENSG00000104320,ENSG00000104320.14,ENST00000517337,ENST00000517337.1,NBN
ENSG00000104320,ENSG00000104320.14,ENST00000494804,ENST00000494804.1,NBN
ENSG00000137842,ENSG00000137842.7,ENST00000569535,ENST00000569535.5,TMEM62
ENSG00000137842,ENSG00000137842.7,ENST00000565291,ENST00000565291.5,TMEM62
ENSG00000137842,ENSG00000137842.7,ENST00000260403,ENST00000260403.7,TMEM62
ENSG00000137842,ENSG00000137842.7,ENST00000569926,ENST00000569926.5,TMEM62
ENSG00000137842,ENSG00000137842.7,ENST00000570109,ENST00000570109.1,TMEM62
ENSG00000137842,ENSG00000137842.7,ENST00000568182,ENST00000568182.5,TMEM62
ENSG00000137842,ENSG00000137842.7,ENST00000567441,ENST00000567441.5,TMEM62
ENSG00000137842,ENSG00000137842.7,ENST00000568197,ENST00000568197.1,TMEM62
ENSG00000204592,ENSG00000204592.9,ENST00000376630,ENST00000376630.5,HLA-E
ENSG00000204592,ENSG00000204592.9,ENST00000484194,ENST00000484194.1,HLA-E
ENSG00000204592,ENSG00000204592.9,ENST00000493699,ENST00000493699.1,HLA-E
ENSG00000119917,ENSG00000119917.14,ENST00000371818,ENST00000371818.9,IFIT3
ENSG00000119917,ENSG00000119917.14,ENST00000371811,ENST00000371811.4,IFIT3
ENSG00000107798,ENSG00000107798.18,ENST00000371837,ENST00000371837.5,LIPA
ENSG00000185745,ENSG00000185745.10,ENST00000371804,ENST00000371804.4,IFIT1
ENSG00000185745,ENSG00000185745.10,ENST00000546318,ENST00000546318.2,IFIT1
ENSG00000119922,ENSG00000119922.10,ENST00000371826,ENST00000371826.4,IFIT2
ENSG00000119922,ENSG00000119922.10,ENST00000611722,ENST00000611722.1,IFIT2
ENSG00000112343,ENSG00000112343.11,ENST00000357085,ENST00000357085.5,TRIM38
ENSG00000169660,ENSG00000169660.16,ENST00000644009,ENST00000644009.1,HEXD
ENSG00000106785,ENSG00000106785.15,ENST00000375098,ENST00000375098.7,TRIM14
ENSG00000106785,ENSG00000106785.15,ENST00000341469,ENST00000341469.7,TRIM14
ENSG00000106785,ENSG00000106785.15,ENST00000342043,ENST00000342043.3,TRIM14
ENSG00000106785,ENSG00000106785.15,ENST00000475147,ENST00000475147.1,TRIM14
ENSG00000106785,ENSG00000106785.15,ENST00000478401,ENST00000478401.1,TRIM14
ENSG00000181381,ENSG00000181381.13,ENST00000511577,ENST00000511577.5,DDX60L
ENSG00000181381,ENSG00000181381.13,ENST00000505890,ENST00000505890.5,DDX60L
ENSG00000181381,ENSG00000181381.13,ENST00000505696,ENST00000505696.5,DDX60L
ENSG00000181381,ENSG00000181381.13,ENST00000514748,ENST00000514748.5,DDX60L
ENSG00000181381,ENSG00000181381.13,ENST00000515088,ENST00000515088.5,DDX60L
ENSG00000181381,ENSG00000181381.13,ENST00000513901,ENST00000513901.1,DDX60L
ENSG00000181381,ENSG00000181381.13,ENST00000512371,ENST00000512371.1,DDX60L
ENSG00000181381,ENSG00000181381.13,ENST00000260184,ENST00000260184.11,DDX60L
ENSG00000178927,ENSG00000178927.18,ENST00000342572,ENST00000342572.12,CYBC1
ENSG00000178927,ENSG00000178927.18,ENST00000306645,ENST00000306645.10,CYBC1
ENSG00000178927,ENSG00000178927.18,ENST00000437807,ENST00000437807.6,CYBC1
ENSG00000178927,ENSG00000178927.18,ENST00000584024,ENST00000584024.5,CYBC1
ENSG00000178927,ENSG00000178927.18,ENST00000434650,ENST00000434650.6,CYBC1
ENSG00000178927,ENSG00000178927.18,ENST00000583617,ENST00000583617.5,CYBC1
ENSG00000178927,ENSG00000178927.18,ENST00000585064,ENST00000585064.5,CYBC1
ENSG00000178927,ENSG00000178927.18,ENST00000578919,ENST00000578919.5,CYBC1
ENSG00000178927,ENSG00000178927.18,ENST00000580560,ENST00000580560.5,CYBC1
ENSG00000178927,ENSG00000178927.18,ENST00000581196,ENST00000581196.5,CYBC1
ENSG00000178927,ENSG00000178927.18,ENST00000584503,ENST00000584503.5,CYBC1
ENSG00000178927,ENSG00000178927.18,ENST00000585080,ENST00000585080.5,CYBC1
ENSG00000178927,ENSG00000178927.18,ENST00000577888,ENST00000577888.5,CYBC1
ENSG00000178927,ENSG00000178927.18,ENST00000577707,ENST00000577707.5,CYBC1
ENSG00000178927,ENSG00000178927.18,ENST00000578913,ENST00000578913.5,CYBC1
ENSG00000178927,ENSG00000178927.18,ENST00000584891,ENST00000584891.5,CYBC1
ENSG00000178927,ENSG00000178927.18,ENST00000584408,ENST00000584408.5,CYBC1
ENSG00000178927,ENSG00000178927.18,ENST00000577696,ENST00000577696.5,CYBC1
ENSG00000178927,ENSG00000178927.18,ENST00000577471,ENST00000577471.5,CYBC1
ENSG00000178927,ENSG00000178927.18,ENST00000577834,ENST00000577834.5,CYBC1
ENSG00000178927,ENSG00000178927.18,ENST00000578941,ENST00000578941.5,CYBC1
ENSG00000178927,ENSG00000178927.18,ENST00000578064,ENST00000578064.1,CYBC1
ENSG00000178927,ENSG00000178927.18,ENST00000582395,ENST00000582395.5,CYBC1
ENSG00000178927,ENSG00000178927.18,ENST00000582608,ENST00000582608.5,CYBC1
ENSG00000178927,ENSG00000178927.18,ENST00000582545,ENST00000582545.2,CYBC1
ENSG00000178927,ENSG00000178927.18,ENST00000583359,ENST00000583359.1,CYBC1
ENSG00000178927,ENSG00000178927.18,ENST00000583778,ENST00000583778.1,CYBC1
ENSG00000178927,ENSG00000178927.18,ENST00000583242,ENST00000583242.1,CYBC1
ENSG00000178927,ENSG00000178927.18,ENST00000585115,ENST00000585115.1,CYBC1
ENSG00000178927,ENSG00000178927.18,ENST00000584791,ENST00000584791.1,CYBC1
ENSG00000178927,ENSG00000178927.18,ENST00000582456,ENST00000582456.1,CYBC1
ENSG00000152778,ENSG00000152778.9,ENST00000371795,ENST00000371795.5,IFIT5
ENSG00000130656,ENSG00000130656.6,ENST00000652335,ENST00000652335.1,HBZ
ENSG00000228667,ENSG00000228667.1,ENST00000446973,ENST00000446973.1,AL157385.1
ENSG00000185507,ENSG00000185507.21,ENST00000528413,ENST00000528413.6,IRF7
ENSG00000185507,ENSG00000185507.21,ENST00000348655,ENST00000348655.11,IRF7
ENSG00000185507,ENSG00000185507.21,ENST00000525445,ENST00000525445.6,IRF7
ENSG00000185507,ENSG00000185507.21,ENST00000533182,ENST00000533182.5,IRF7
ENSG00000185507,ENSG00000185507.21,ENST00000469048,ENST00000469048.6,IRF7
ENSG00000185507,ENSG00000185507.21,ENST00000330243,ENST00000330243.9,IRF7
ENSG00000185507,ENSG00000185507.21,ENST00000532326,ENST00000532326.5,IRF7
ENSG00000185507,ENSG00000185507.21,ENST00000532788,ENST00000532788.1,IRF7
ENSG00000185507,ENSG00000185507.21,ENST00000532096,ENST00000532096.1,IRF7
ENSG00000185507,ENSG00000185507.21,ENST00000649187,ENST00000649187.1,IRF7
ENSG00000185507,ENSG00000185507.21,ENST00000647801,ENST00000647801.1,IRF7
ENSG00000185507,ENSG00000185507.21,ENST00000533190,ENST00000533190.1,IRF7
ENSG00000185507,ENSG00000185507.21,ENST00000397566,ENST00000397566.5,IRF7
ENSG00000185507,ENSG00000185507.21,ENST00000397570,ENST00000397570.5,IRF7
ENSG00000153827,ENSG00000153827.13,ENST00000283943,ENST00000283943.9,TRIP12
ENSG00000153827,ENSG00000153827.13,ENST00000389045,ENST00000389045.7,TRIP12
ENSG00000153827,ENSG00000153827.13,ENST00000389044,ENST00000389044.8,TRIP12
ENSG00000153827,ENSG00000153827.13,ENST00000479037,ENST00000479037.5,TRIP12
ENSG00000153827,ENSG00000153827.13,ENST00000409677,ENST00000409677.5,TRIP12
ENSG00000153827,ENSG00000153827.13,ENST00000428959,ENST00000428959.5,TRIP12
ENSG00000153827,ENSG00000153827.13,ENST00000430954,ENST00000430954.5,TRIP12
ENSG00000153827,ENSG00000153827.13,ENST00000343290,ENST00000343290.5,TRIP12
ENSG00000287193,ENSG00000287193.1,ENST00000658363,ENST00000658363.1,AC132938.7
ENSG00000128335,ENSG00000128335.14,ENST00000358502,ENST00000358502.10,APOL2
ENSG00000128335,ENSG00000128335.14,ENST00000249066,ENST00000249066.10,APOL2
ENSG00000128335,ENSG00000128335.14,ENST00000451256,ENST00000451256.6,APOL2
ENSG00000128335,ENSG00000128335.14,ENST00000529194,ENST00000529194.5,APOL2
ENSG00000128335,ENSG00000128335.14,ENST00000454728,ENST00000454728.5,APOL2
ENSG00000128335,ENSG00000128335.14,ENST00000476579,ENST00000476579.1,APOL2
ENSG00000128335,ENSG00000128335.14,ENST00000489186,ENST00000489186.1,APOL2
ENSG00000128335,ENSG00000128335.14,ENST00000473549,ENST00000473549.1,APOL2
ENSG00000128335,ENSG00000128335.14,ENST00000484830,ENST00000484830.1,APOL2
ENSG00000280173,ENSG00000280173.1,ENST00000624214,ENST00000624214.1,AC104447.1
ENSG00000111196,ENSG00000111196.10,ENST00000320756,ENST00000320756.7,MAGOHB
ENSG00000111196,ENSG00000111196.10,ENST00000539554,ENST00000539554.5,MAGOHB
ENSG00000111196,ENSG00000111196.10,ENST00000544850,ENST00000544850.5,MAGOHB
ENSG00000111196,ENSG00000111196.10,ENST00000537852,ENST00000537852.5,MAGOHB
ENSG00000111196,ENSG00000111196.10,ENST00000540074,ENST00000540074.5,MAGOHB
ENSG00000111196,ENSG00000111196.10,ENST00000545236,ENST00000545236.5,MAGOHB
ENSG00000111196,ENSG00000111196.10,ENST00000543929,ENST00000543929.5,MAGOHB
ENSG00000111196,ENSG00000111196.10,ENST00000546173,ENST00000546173.5,MAGOHB
ENSG00000111196,ENSG00000111196.10,ENST00000544176,ENST00000544176.1,MAGOHB
ENSG00000111196,ENSG00000111196.10,ENST00000625272,ENST00000625272.1,MAGOHB
ENSG00000163565,ENSG00000163565.18,ENST00000368131,ENST00000368131.8,IFI16
ENSG00000163565,ENSG00000163565.18,ENST00000368132,ENST00000368132.7,IFI16
ENSG00000163565,ENSG00000163565.18,ENST00000493884,ENST00000493884.5,IFI16
ENSG00000163565,ENSG00000163565.18,ENST00000483916,ENST00000483916.2,IFI16
ENSG00000163565,ENSG00000163565.18,ENST00000295809,ENST00000295809.11,IFI16
ENSG00000163565,ENSG00000163565.18,ENST00000359709,ENST00000359709.7,IFI16
ENSG00000163565,ENSG00000163565.18,ENST00000340979,ENST00000340979.10,IFI16
ENSG00000259118,ENSG00000259118.5,ENST00000556127,ENST00000556127.1,AL139022.1
ENSG00000135899,ENSG00000135899.17,ENST00000258381,ENST00000258381.10,SP110
ENSG00000135899,ENSG00000135899.17,ENST00000358662,ENST00000358662.8,SP110
ENSG00000135899,ENSG00000135899.17,ENST00000392048,ENST00000392048.7,SP110
ENSG00000135899,ENSG00000135899.17,ENST00000258382,ENST00000258382.9,SP110
ENSG00000135899,ENSG00000135899.17,ENST00000409815,ENST00000409815.6,SP110
ENSG00000135899,ENSG00000135899.17,ENST00000455674,ENST00000455674.2,SP110
ENSG00000135899,ENSG00000135899.17,ENST00000462232,ENST00000462232.1,SP110
ENSG00000196605,ENSG00000196605.7,ENST00000589453,ENST00000589453.5,ZNF846
ENSG00000196605,ENSG00000196605.7,ENST00000588267,ENST00000588267.5,ZNF846
ENSG00000196605,ENSG00000196605.7,ENST00000592859,ENST00000592859.1,ZNF846
ENSG00000196605,ENSG00000196605.7,ENST00000586293,ENST00000586293.5,ZNF846
ENSG00000196605,ENSG00000196605.7,ENST00000397902,ENST00000397902.6,ZNF846
ENSG00000100342,ENSG00000100342.21,ENST00000397278,ENST00000397278.8,APOL1
ENSG00000100342,ENSG00000100342.21,ENST00000319136,ENST00000319136.8,APOL1
ENSG00000100342,ENSG00000100342.21,ENST00000422471,ENST00000422471.5,APOL1
ENSG00000100342,ENSG00000100342.21,ENST00000475519,ENST00000475519.5,APOL1
ENSG00000100342,ENSG00000100342.21,ENST00000438034,ENST00000438034.5,APOL1
ENSG00000100342,ENSG00000100342.21,ENST00000439680,ENST00000439680.5,APOL1
ENSG00000100342,ENSG00000100342.21,ENST00000427990,ENST00000427990.5,APOL1
ENSG00000100342,ENSG00000100342.21,ENST00000433768,ENST00000433768.5,APOL1
ENSG00000100342,ENSG00000100342.21,ENST00000431184,ENST00000431184.1,APOL1
ENSG00000100342,ENSG00000100342.21,ENST00000422706,ENST00000422706.5,APOL1
ENSG00000100342,ENSG00000100342.21,ENST00000397279,ENST00000397279.8,APOL1
ENSG00000100342,ENSG00000100342.21,ENST00000426053,ENST00000426053.5,APOL1
ENSG00000092068,ENSG00000092068.20,ENST00000532568,ENST00000532568.1,SLC7A8
ENSG00000111912,ENSG00000111912.20,ENST00000438495,ENST00000438495.6,NCOA7
ENSG00000111912,ENSG00000111912.20,ENST00000444128,ENST00000444128.2,NCOA7
ENSG00000126460,ENSG00000126460.11,ENST00000596877,ENST00000596877.5,PRRG2
ENSG00000142546,ENSG00000142546.14,ENST00000598820,ENST00000598820.5,NOSIP
ENSG00000142546,ENSG00000142546.14,ENST00000339093,ENST00000339093.7,NOSIP
ENSG00000142546,ENSG00000142546.14,ENST00000596358,ENST00000596358.6,NOSIP
ENSG00000142546,ENSG00000142546.14,ENST00000601340,ENST00000601340.5,NOSIP
ENSG00000142546,ENSG00000142546.14,ENST00000594932,ENST00000594932.5,NOSIP
ENSG00000142546,ENSG00000142546.14,ENST00000600019,ENST00000600019.5,NOSIP
ENSG00000142546,ENSG00000142546.14,ENST00000593345,ENST00000593345.1,NOSIP
ENSG00000171604,ENSG00000171604.12,ENST00000502295,ENST00000502295.1,CXXC5
ENSG00000125347,ENSG00000125347.14,ENST00000245414,ENST00000245414.9,IRF1
ENSG00000125347,ENSG00000125347.14,ENST00000437654,ENST00000437654.5,IRF1
ENSG00000125347,ENSG00000125347.14,ENST00000459982,ENST00000459982.5,IRF1
ENSG00000125347,ENSG00000125347.14,ENST00000463784,ENST00000463784.5,IRF1
ENSG00000125347,ENSG00000125347.14,ENST00000439555,ENST00000439555.2,IRF1
ENSG00000125347,ENSG00000125347.14,ENST00000493208,ENST00000493208.1,IRF1
ENSG00000125347,ENSG00000125347.14,ENST00000613424,ENST00000613424.4,IRF1
ENSG00000283782,ENSG00000283782.2,ENST00000638452,ENST00000638452.2,AC116366.3
ENSG00000283782,ENSG00000283782.2,ENST00000638568,ENST00000638568.2,AC116366.3
ENSG00000283782,ENSG00000283782.2,ENST00000639899,ENST00000639899.1,AC116366.3
ENSG00000283782,ENSG00000283782.2,ENST00000638504,ENST00000638504.1,AC116366.3
ENSG00000197536,ENSG00000197536.11,ENST00000378953,ENST00000378953.8,IRF1-AS1
ENSG00000197536,ENSG00000197536.11,ENST00000612967,ENST00000612967.2,IRF1-AS1
ENSG00000197536,ENSG00000197536.11,ENST00000461203,ENST00000461203.5,IRF1-AS1
ENSG00000197536,ENSG00000197536.11,ENST00000337752,ENST00000337752.6,IRF1-AS1
ENSG00000197536,ENSG00000197536.11,ENST00000378947,ENST00000378947.7,IRF1-AS1
ENSG00000197536,ENSG00000197536.11,ENST00000407797,ENST00000407797.6,IRF1-AS1
ENSG00000185404,ENSG00000185404.16,ENST00000444636,ENST00000444636.5,SP140L
ENSG00000185404,ENSG00000185404.16,ENST00000415673,ENST00000415673.6,SP140L
ENSG00000185404,ENSG00000185404.16,ENST00000243810,ENST00000243810.10,SP140L
ENSG00000185404,ENSG00000185404.16,ENST00000396563,ENST00000396563.8,SP140L
ENSG00000253986,ENSG00000253986.1,ENST00000518590,ENST00000518590.1,AC104561.3
ENSG00000140471,ENSG00000140471.17,ENST00000560934,ENST00000560934.1,LINS1
ENSG00000146859,ENSG00000146859.6,ENST00000275767,ENST00000275767.3,TMEM140
ENSG00000146859,ENSG00000146859.6,ENST00000466307,ENST00000466307.1,TMEM140
ENSG00000122783,ENSG00000122783.16,ENST00000464070,ENST00000464070.1,CYREN
ENSG00000138035,ENSG00000138035.15,ENST00000447944,ENST00000447944.7,PNPT1
ENSG00000138035,ENSG00000138035.15,ENST00000415374,ENST00000415374.5,PNPT1
ENSG00000138035,ENSG00000138035.15,ENST00000260604,ENST00000260604.8,PNPT1
ENSG00000138035,ENSG00000138035.15,ENST00000429805,ENST00000429805.1,PNPT1
ENSG00000138035,ENSG00000138035.15,ENST00000625249,ENST00000625249.1,PNPT1
ENSG00000128626,ENSG00000128626.11,ENST00000308018,ENST00000308018.8,MRPS12
ENSG00000128626,ENSG00000128626.11,ENST00000598734,ENST00000598734.1,MRPS12
ENSG00000128626,ENSG00000128626.11,ENST00000407800,ENST00000407800.2,MRPS12
ENSG00000128626,ENSG00000128626.11,ENST00000402029,ENST00000402029.3,MRPS12
ENSG00000104835,ENSG00000104835.15,ENST00000221431,ENST00000221431.11,SARS2
ENSG00000104835,ENSG00000104835.15,ENST00000594171,ENST00000594171.5,SARS2
ENSG00000104835,ENSG00000104835.15,ENST00000430193,ENST00000430193.7,SARS2
ENSG00000104835,ENSG00000104835.15,ENST00000600042,ENST00000600042.5,SARS2
ENSG00000104835,ENSG00000104835.15,ENST00000455102,ENST00000455102.6,SARS2
ENSG00000104835,ENSG00000104835.15,ENST00000598343,ENST00000598343.5,SARS2
ENSG00000104835,ENSG00000104835.15,ENST00000598598,ENST00000598598.5,SARS2
ENSG00000104835,ENSG00000104835.15,ENST00000593754,ENST00000593754.1,SARS2
ENSG00000042062,ENSG00000042062.13,ENST00000327979,ENST00000327979.8,RIPOR3
ENSG00000182393,ENSG00000182393.3,ENST00000333625,ENST00000333625.3,IFNL1
ENSG00000055332,ENSG00000055332.18,ENST00000233057,ENST00000233057.9,EIF2AK2
ENSG00000055332,ENSG00000055332.18,ENST00000411537,ENST00000411537.6,EIF2AK2
ENSG00000055332,ENSG00000055332.18,ENST00000390013,ENST00000390013.3,EIF2AK2
ENSG00000055332,ENSG00000055332.18,ENST00000395127,ENST00000395127.6,EIF2AK2
ENSG00000163568,ENSG00000163568.15,ENST00000368130,ENST00000368130.9,AIM2
ENSG00000121060,ENSG00000121060.18,ENST00000648772,ENST00000648772.1,TRIM25
ENSG00000121060,ENSG00000121060.18,ENST00000316881,ENST00000316881.9,TRIM25
ENSG00000121060,ENSG00000121060.18,ENST00000537230,ENST00000537230.2,TRIM25
ENSG00000151338,ENSG00000151338.18,ENST00000556615,ENST00000556615.5,MIPOL1
ENSG00000151338,ENSG00000151338.18,ENST00000327441,ENST00000327441.11,MIPOL1
ENSG00000151338,ENSG00000151338.18,ENST00000554930,ENST00000554930.5,MIPOL1
ENSG00000151338,ENSG00000151338.18,ENST00000539062,ENST00000539062.6,MIPOL1
ENSG00000151338,ENSG00000151338.18,ENST00000556451,ENST00000556451.5,MIPOL1
ENSG00000151338,ENSG00000151338.18,ENST00000555870,ENST00000555870.5,MIPOL1
ENSG00000151338,ENSG00000151338.18,ENST00000556753,ENST00000556753.5,MIPOL1
ENSG00000151338,ENSG00000151338.18,ENST00000396294,ENST00000396294.6,MIPOL1
ENSG00000130830,ENSG00000130830.15,ENST00000493871,ENST00000493871.1,MPP1
ENSG00000151470,ENSG00000151470.13,ENST00000502360,ENST00000502360.5,C4orf33
ENSG00000151470,ENSG00000151470.13,ENST00000508673,ENST00000508673.5,C4orf33
ENSG00000151470,ENSG00000151470.13,ENST00000508622,ENST00000508622.1,C4orf33
ENSG00000151470,ENSG00000151470.13,ENST00000425929,ENST00000425929.6,C4orf33
ENSG00000143751,ENSG00000143751.10,ENST00000272091,ENST00000272091.8,SDE2
ENSG00000130303,ENSG00000130303.13,ENST00000252593,ENST00000252593.7,BST2
ENSG00000130303,ENSG00000130303.13,ENST00000527220,ENST00000527220.1,BST2
ENSG00000274213,ENSG00000274213.1,ENST00000619432,ENST00000619432.1,AC015912.3
ENSG00000059588,ENSG00000059588.10,ENST00000496673,ENST00000496673.5,TARBP1
ENSG00000059588,ENSG00000059588.10,ENST00000484454,ENST00000484454.1,TARBP1
ENSG00000105835,ENSG00000105835.12,ENST00000484527,ENST00000484527.5,NAMPT
ENSG00000282851,ENSG00000282851.2,ENST00000646744,ENST00000646744.1,BISPR
ENSG00000282851,ENSG00000282851.2,ENST00000635536,ENST00000635536.2,BISPR
ENSG00000282851,ENSG00000282851.2,ENST00000635060,ENST00000635060.2,BISPR
ENSG00000282851,ENSG00000282851.2,ENST00000634291,ENST00000634291.2,BISPR
ENSG00000282851,ENSG00000282851.2,ENST00000645298,ENST00000645298.1,BISPR
ENSG00000282851,ENSG00000282851.2,ENST00000635572,ENST00000635572.1,BISPR
ENSG00000282851,ENSG00000282851.2,ENST00000634675,ENST00000634675.1,BISPR
ENSG00000282851,ENSG00000282851.2,ENST00000634813,ENST00000634813.1,BISPR
ENSG00000282851,ENSG00000282851.2,ENST00000647283,ENST00000647283.1,BISPR
ENSG00000282851,ENSG00000282851.2,ENST00000635435,ENST00000635435.2,BISPR
ENSG00000282851,ENSG00000282851.2,ENST00000634731,ENST00000634731.2,BISPR
ENSG00000282851,ENSG00000282851.2,ENST00000635339,ENST00000635339.1,BISPR
ENSG00000282851,ENSG00000282851.2,ENST00000635176,ENST00000635176.2,BISPR
ENSG00000282851,ENSG00000282851.2,ENST00000645062,ENST00000645062.1,BISPR
ENSG00000282851,ENSG00000282851.2,ENST00000645376,ENST00000645376.1,BISPR
ENSG00000282851,ENSG00000282851.2,ENST00000634577,ENST00000634577.1,BISPR
ENSG00000282851,ENSG00000282851.2,ENST00000634942,ENST00000634942.2,BISPR
ENSG00000282851,ENSG00000282851.2,ENST00000634568,ENST00000634568.1,BISPR
ENSG00000141971,ENSG00000141971.13,ENST00000528911,ENST00000528911.5,MVB12A
ENSG00000141971,ENSG00000141971.13,ENST00000528604,ENST00000528604.5,MVB12A
ENSG00000141971,ENSG00000141971.13,ENST00000529490,ENST00000529490.5,MVB12A
ENSG00000141971,ENSG00000141971.13,ENST00000600514,ENST00000600514.5,MVB12A
ENSG00000105221,ENSG00000105221.18,ENST00000596634,ENST00000596634.5,AKT2
ENSG00000105221,ENSG00000105221.18,ENST00000452077,ENST00000452077.5,AKT2
ENSG00000105221,ENSG00000105221.18,ENST00000423127,ENST00000423127.5,AKT2
ENSG00000105221,ENSG00000105221.18,ENST00000456441,ENST00000456441.5,AKT2
ENSG00000105221,ENSG00000105221.18,ENST00000583859,ENST00000583859.5,AKT2
ENSG00000157601,ENSG00000157601.14,ENST00000490220,ENST00000490220.5,MX1
ENSG00000157601,ENSG00000157601.14,ENST00000468506,ENST00000468506.5,MX1
ENSG00000157601,ENSG00000157601.14,ENST00000398600,ENST00000398600.6,MX1
ENSG00000157601,ENSG00000157601.14,ENST00000419044,ENST00000419044.5,MX1
ENSG00000157601,ENSG00000157601.14,ENST00000398598,ENST00000398598.8,MX1
ENSG00000157601,ENSG00000157601.14,ENST00000424365,ENST00000424365.5,MX1
ENSG00000157601,ENSG00000157601.14,ENST00000484465,ENST00000484465.1,MX1
ENSG00000157601,ENSG00000157601.14,ENST00000417963,ENST00000417963.5,MX1
ENSG00000157601,ENSG00000157601.14,ENST00000441677,ENST00000441677.5,MX1
ENSG00000157601,ENSG00000157601.14,ENST00000478268,ENST00000478268.1,MX1
ENSG00000157601,ENSG00000157601.14,ENST00000455164,ENST00000455164.6,MX1
ENSG00000204392,ENSG00000204392.11,ENST00000491421,ENST00000491421.5,LSM2
ENSG00000204392,ENSG00000204392.11,ENST00000493387,ENST00000493387.5,LSM2
ENSG00000204392,ENSG00000204392.11,ENST00000470083,ENST00000470083.5,LSM2
ENSG00000204392,ENSG00000204392.11,ENST00000470086,ENST00000470086.5,LSM2
ENSG00000204392,ENSG00000204392.11,ENST00000477182,ENST00000477182.5,LSM2
ENSG00000204392,ENSG00000204392.11,ENST00000375661,ENST00000375661.6,LSM2
ENSG00000204392,ENSG00000204392.11,ENST00000475835,ENST00000475835.2,LSM2
ENSG00000270562,ENSG00000270562.1,ENST00000604491,ENST00000604491.1,AC097634.1
ENSG00000280670,ENSG00000280670.3,ENST00000626177,ENST00000626177.2,CCDC163
ENSG00000280670,ENSG00000280670.3,ENST00000625766,ENST00000625766.2,CCDC163
ENSG00000280670,ENSG00000280670.3,ENST00000626657,ENST00000626657.2,CCDC163
ENSG00000280670,ENSG00000280670.3,ENST00000629482,ENST00000629482.3,CCDC163
ENSG00000280670,ENSG00000280670.3,ENST00000628293,ENST00000628293.1,CCDC163
ENSG00000280670,ENSG00000280670.3,ENST00000628397,ENST00000628397.2,CCDC163
ENSG00000280670,ENSG00000280670.3,ENST00000629670,ENST00000629670.1,CCDC163
ENSG00000137200,ENSG00000137200.13,ENST00000471097,ENST00000471097.1,CMTR1
ENSG00000137200,ENSG00000137200.13,ENST00000455891,ENST00000455891.5,CMTR1
ENSG00000137200,ENSG00000137200.13,ENST00000373451,ENST00000373451.9,CMTR1
ENSG00000132763,ENSG00000132763.15,ENST00000401061,ENST00000401061.9,MMACHC
ENSG00000132763,ENSG00000132763.15,ENST00000616135,ENST00000616135.1,MMACHC
ENSG00000204387,ENSG00000204387.14,ENST00000375640,ENST00000375640.7,SNHG32
ENSG00000204387,ENSG00000204387.14,ENST00000375641,ENST00000375641.6,SNHG32
ENSG00000204387,ENSG00000204387.14,ENST00000648677,ENST00000648677.1,SNHG32
ENSG00000204387,ENSG00000204387.14,ENST00000375638,ENST00000375638.7,SNHG32
ENSG00000204387,ENSG00000204387.14,ENST00000375635,ENST00000375635.6,SNHG32
ENSG00000204387,ENSG00000204387.14,ENST00000375642,ENST00000375642.6,SNHG32
ENSG00000204387,ENSG00000204387.14,ENST00000395789,ENST00000395789.5,SNHG32
ENSG00000204387,ENSG00000204387.14,ENST00000614363,ENST00000614363.4,SNHG32
ENSG00000204388,ENSG00000204388.7,ENST00000375650,ENST00000375650.5,HSPA1B
ENSG00000268066,ENSG00000268066.5,ENST00000594922,ENST00000594922.5,FMR1-AS1
ENSG00000268066,ENSG00000268066.5,ENST00000596112,ENST00000596112.5,FMR1-AS1
ENSG00000268066,ENSG00000268066.5,ENST00000601841,ENST00000601841.1,FMR1-AS1
ENSG00000268066,ENSG00000268066.5,ENST00000598667,ENST00000598667.1,FMR1-AS1
ENSG00000171314,ENSG00000171314.9,ENST00000467867,ENST00000467867.1,PGAM1
ENSG00000196588,ENSG00000196588.19,ENST00000620651,ENST00000620651.4,MRTFA
ENSG00000196588,ENSG00000196588.19,ENST00000614754,ENST00000614754.4,MRTFA
ENSG00000230615,ENSG00000230615.7,ENST00000607988,ENST00000607988.5,AL139220.2
ENSG00000115415,ENSG00000115415.20,ENST00000361099,ENST00000361099.8,STAT1
ENSG00000115415,ENSG00000115415.20,ENST00000540176,ENST00000540176.6,STAT1
ENSG00000115415,ENSG00000115415.20,ENST00000409465,ENST00000409465.5,STAT1
ENSG00000115415,ENSG00000115415.20,ENST00000392322,ENST00000392322.7,STAT1
ENSG00000115415,ENSG00000115415.20,ENST00000452281,ENST00000452281.6,STAT1
ENSG00000115415,ENSG00000115415.20,ENST00000392323,ENST00000392323.6,STAT1
ENSG00000115415,ENSG00000115415.20,ENST00000424722,ENST00000424722.6,STAT1
ENSG00000115415,ENSG00000115415.20,ENST00000454414,ENST00000454414.5,STAT1
ENSG00000115415,ENSG00000115415.20,ENST00000432058,ENST00000432058.1,STAT1
ENSG00000167601,ENSG00000167601.12,ENST00000594880,ENST00000594880.1,AXL
ENSG00000143575,ENSG00000143575.15,ENST00000328703,ENST00000328703.12,HAX1
ENSG00000143575,ENSG00000143575.15,ENST00000457918,ENST00000457918.6,HAX1
ENSG00000143575,ENSG00000143575.15,ENST00000483970,ENST00000483970.6,HAX1
ENSG00000143575,ENSG00000143575.15,ENST00000447768,ENST00000447768.6,HAX1
ENSG00000143575,ENSG00000143575.15,ENST00000531435,ENST00000531435.5,HAX1
ENSG00000143575,ENSG00000143575.15,ENST00000477780,ENST00000477780.2,HAX1
ENSG00000143575,ENSG00000143575.15,ENST00000435087,ENST00000435087.1,HAX1
ENSG00000143575,ENSG00000143575.15,ENST00000532105,ENST00000532105.1,HAX1
ENSG00000143575,ENSG00000143575.15,ENST00000471326,ENST00000471326.5,HAX1
ENSG00000165949,ENSG00000165949.12,ENST00000618863,ENST00000618863.1,IFI27
ENSG00000165949,ENSG00000165949.12,ENST00000555081,ENST00000555081.5,IFI27
ENSG00000165949,ENSG00000165949.12,ENST00000557700,ENST00000557700.1,IFI27
ENSG00000165949,ENSG00000165949.12,ENST00000611954,ENST00000611954.4,IFI27
ENSG00000165949,ENSG00000165949.12,ENST00000618200,ENST00000618200.4,IFI27
ENSG00000165949,ENSG00000165949.12,ENST00000621160,ENST00000621160.4,IFI27
ENSG00000165949,ENSG00000165949.12,ENST00000555819,ENST00000555819.5,IFI27
ENSG00000165949,ENSG00000165949.12,ENST00000620396,ENST00000620396.4,IFI27
ENSG00000165949,ENSG00000165949.12,ENST00000612813,ENST00000612813.4,IFI27
ENSG00000165949,ENSG00000165949.12,ENST00000616764,ENST00000616764.4,IFI27
ENSG00000165949,ENSG00000165949.12,ENST00000620066,ENST00000620066.1,IFI27
ENSG00000102081,ENSG00000102081.15,ENST00000440235,ENST00000440235.6,FMR1
ENSG00000102081,ENSG00000102081.15,ENST00000616614,ENST00000616614.4,FMR1
ENSG00000102081,ENSG00000102081.15,ENST00000370477,ENST00000370477.5,FMR1
ENSG00000102081,ENSG00000102081.15,ENST00000334557,ENST00000334557.10,FMR1
ENSG00000102081,ENSG00000102081.15,ENST00000439526,ENST00000439526.6,FMR1
ENSG00000102081,ENSG00000102081.15,ENST00000370475,ENST00000370475.9,FMR1
ENSG00000102081,ENSG00000102081.15,ENST00000621447,ENST00000621447.1,FMR1
ENSG00000102081,ENSG00000102081.15,ENST00000495717,ENST00000495717.5,FMR1
ENSG00000102081,ENSG00000102081.15,ENST00000370470,ENST00000370470.5,FMR1
ENSG00000102081,ENSG00000102081.15,ENST00000218200,ENST00000218200.12,FMR1
ENSG00000102081,ENSG00000102081.15,ENST00000370471,ENST00000370471.7,FMR1
ENSG00000102081,ENSG00000102081.15,ENST00000621987,ENST00000621987.4,FMR1
ENSG00000102081,ENSG00000102081.15,ENST00000621453,ENST00000621453.4,FMR1
ENSG00000102081,ENSG00000102081.15,ENST00000616382,ENST00000616382.4,FMR1
ENSG00000133943,ENSG00000133943.20,ENST00000521081,ENST00000521081.5,DGLUCY
ENSG00000133943,ENSG00000133943.20,ENST00000520328,ENST00000520328.5,DGLUCY
ENSG00000133943,ENSG00000133943.20,ENST00000256324,ENST00000256324.14,DGLUCY
ENSG00000133943,ENSG00000133943.20,ENST00000524232,ENST00000524232.5,DGLUCY
ENSG00000133943,ENSG00000133943.20,ENST00000522170,ENST00000522170.5,DGLUCY
ENSG00000133943,ENSG00000133943.20,ENST00000519950,ENST00000519950.5,DGLUCY
ENSG00000133943,ENSG00000133943.20,ENST00000523879,ENST00000523879.5,DGLUCY
ENSG00000133943,ENSG00000133943.20,ENST00000521077,ENST00000521077.6,DGLUCY
ENSG00000133943,ENSG00000133943.20,ENST00000518665,ENST00000518665.6,DGLUCY
ENSG00000133943,ENSG00000133943.20,ENST00000519994,ENST00000519994.5,DGLUCY
ENSG00000133943,ENSG00000133943.20,ENST00000523837,ENST00000523837.5,DGLUCY
ENSG00000133943,ENSG00000133943.20,ENST00000518868,ENST00000518868.5,DGLUCY
ENSG00000133943,ENSG00000133943.20,ENST00000518649,ENST00000518649.5,DGLUCY
ENSG00000133943,ENSG00000133943.20,ENST00000519019,ENST00000519019.5,DGLUCY
ENSG00000133943,ENSG00000133943.20,ENST00000523816,ENST00000523816.5,DGLUCY
ENSG00000133943,ENSG00000133943.20,ENST00000517518,ENST00000517518.5,DGLUCY
ENSG00000133943,ENSG00000133943.20,ENST00000428926,ENST00000428926.6,DGLUCY
ENSG00000133943,ENSG00000133943.20,ENST00000517362,ENST00000517362.5,DGLUCY
ENSG00000133943,ENSG00000133943.20,ENST00000523894,ENST00000523894.5,DGLUCY
ENSG00000133943,ENSG00000133943.20,ENST00000522322,ENST00000522322.5,DGLUCY
ENSG00000133943,ENSG00000133943.20,ENST00000523771,ENST00000523771.5,DGLUCY
ENSG00000213928,ENSG00000213928.9,ENST00000396864,ENST00000396864.8,IRF9
ENSG00000213928,ENSG00000213928.9,ENST00000557894,ENST00000557894.5,IRF9
ENSG00000213928,ENSG00000213928.9,ENST00000561342,ENST00000561342.5,IRF9
ENSG00000213928,ENSG00000213928.9,ENST00000561009,ENST00000561009.5,IRF9
ENSG00000213928,ENSG00000213928.9,ENST00000560365,ENST00000560365.5,IRF9
ENSG00000213928,ENSG00000213928.9,ENST00000561415,ENST00000561415.1,IRF9
ENSG00000213928,ENSG00000213928.9,ENST00000559284,ENST00000559284.5,IRF9
ENSG00000213928,ENSG00000213928.9,ENST00000560275,ENST00000560275.5,IRF9
ENSG00000213928,ENSG00000213928.9,ENST00000561412,ENST00000561412.1,IRF9
ENSG00000213928,ENSG00000213928.9,ENST00000560852,ENST00000560852.1,IRF9
ENSG00000188313,ENSG00000188313.13,ENST00000342435,ENST00000342435.9,PLSCR1
ENSG00000188313,ENSG00000188313.13,ENST00000493432,ENST00000493432.5,PLSCR1
ENSG00000188313,ENSG00000188313.13,ENST00000463777,ENST00000463777.5,PLSCR1
ENSG00000188313,ENSG00000188313.13,ENST00000487389,ENST00000487389.5,PLSCR1
ENSG00000188313,ENSG00000188313.13,ENST00000468985,ENST00000468985.5,PLSCR1
ENSG00000188313,ENSG00000188313.13,ENST00000448787,ENST00000448787.6,PLSCR1
ENSG00000188313,ENSG00000188313.13,ENST00000488253,ENST00000488253.5,PLSCR1
ENSG00000188313,ENSG00000188313.13,ENST00000489775,ENST00000489775.5,PLSCR1
ENSG00000188313,ENSG00000188313.13,ENST00000478267,ENST00000478267.5,PLSCR1
ENSG00000188313,ENSG00000188313.13,ENST00000462666,ENST00000462666.5,PLSCR1
ENSG00000188313,ENSG00000188313.13,ENST00000486631,ENST00000486631.5,PLSCR1
ENSG00000188313,ENSG00000188313.13,ENST00000472349,ENST00000472349.1,PLSCR1
ENSG00000188313,ENSG00000188313.13,ENST00000494568,ENST00000494568.5,PLSCR1
ENSG00000188313,ENSG00000188313.13,ENST00000469266,ENST00000469266.1,PLSCR1
ENSG00000188313,ENSG00000188313.13,ENST00000477974,ENST00000477974.1,PLSCR1
ENSG00000105404,ENSG00000105404.11,ENST00000598057,ENST00000598057.1,RABAC1
ENSG00000105404,ENSG00000105404.11,ENST00000595226,ENST00000595226.1,RABAC1
ENSG00000107262,ENSG00000107262.25,ENST00000634734,ENST00000634734.2,BAG1
ENSG00000107262,ENSG00000107262.25,ENST00000379704,ENST00000379704.7,BAG1
ENSG00000107262,ENSG00000107262.25,ENST00000379707,ENST00000379707.7,BAG1
ENSG00000107262,ENSG00000107262.25,ENST00000473781,ENST00000473781.1,BAG1
ENSG00000107262,ENSG00000107262.25,ENST00000635077,ENST00000635077.1,BAG1
ENSG00000107262,ENSG00000107262.25,ENST00000488499,ENST00000488499.1,BAG1
ENSG00000168016,ENSG00000168016.14,ENST00000463764,ENST00000463764.2,TRANK1
ENSG00000099999,ENSG00000099999.15,ENST00000431544,ENST00000431544.2,RNF215
ENSG00000254699,ENSG00000254699.1,ENST00000530126,ENST00000530126.1,LINC02695
ENSG00000272689,ENSG00000272689.1,ENST00000608952,ENST00000608952.1,AC004832.4
ENSG00000161692,ENSG00000161692.18,ENST00000393547,ENST00000393547.6,DBF4B
ENSG00000161692,ENSG00000161692.18,ENST00000528766,ENST00000528766.5,DBF4B
ENSG00000161692,ENSG00000161692.18,ENST00000528353,ENST00000528353.5,DBF4B
ENSG00000161692,ENSG00000161692.18,ENST00000315005,ENST00000315005.8,DBF4B
ENSG00000161692,ENSG00000161692.18,ENST00000526924,ENST00000526924.5,DBF4B
ENSG00000161692,ENSG00000161692.18,ENST00000526915,ENST00000526915.5,DBF4B
ENSG00000161692,ENSG00000161692.18,ENST00000525140,ENST00000525140.5,DBF4B
ENSG00000161692,ENSG00000161692.18,ENST00000531699,ENST00000531699.5,DBF4B
ENSG00000161692,ENSG00000161692.18,ENST00000532789,ENST00000532789.1,DBF4B
ENSG00000086065,ENSG00000086065.14,ENST00000223500,ENST00000223500.9,CHMP5
ENSG00000086065,ENSG00000086065.14,ENST00000419016,ENST00000419016.6,CHMP5
ENSG00000255145,ENSG00000255145.3,ENST00000529965,ENST00000529965.3,STX17-AS1
ENSG00000255145,ENSG00000255145.3,ENST00000655615,ENST00000655615.1,STX17-AS1
ENSG00000140105,ENSG00000140105.18,ENST00000392882,ENST00000392882.7,WARS1
ENSG00000140105,ENSG00000140105.18,ENST00000344102,ENST00000344102.9,WARS1
ENSG00000140105,ENSG00000140105.18,ENST00000557135,ENST00000557135.5,WARS1
ENSG00000140105,ENSG00000140105.18,ENST00000553395,ENST00000553395.5,WARS1
ENSG00000140105,ENSG00000140105.18,ENST00000557297,ENST00000557297.5,WARS1
ENSG00000140105,ENSG00000140105.18,ENST00000553808,ENST00000553808.5,WARS1
ENSG00000140105,ENSG00000140105.18,ENST00000556338,ENST00000556338.5,WARS1
ENSG00000140105,ENSG00000140105.18,ENST00000556698,ENST00000556698.5,WARS1
ENSG00000140105,ENSG00000140105.18,ENST00000555410,ENST00000555410.5,WARS1
ENSG00000140105,ENSG00000140105.18,ENST00000556660,ENST00000556660.5,WARS1
ENSG00000140105,ENSG00000140105.18,ENST00000557094,ENST00000557094.5,WARS1
ENSG00000140105,ENSG00000140105.18,ENST00000553545,ENST00000553545.5,WARS1
ENSG00000140105,ENSG00000140105.18,ENST00000554820,ENST00000554820.5,WARS1
ENSG00000140105,ENSG00000140105.18,ENST00000557347,ENST00000557347.5,WARS1
ENSG00000140105,ENSG00000140105.18,ENST00000554509,ENST00000554509.5,WARS1
ENSG00000140105,ENSG00000140105.18,ENST00000555813,ENST00000555813.5,WARS1
ENSG00000140105,ENSG00000140105.18,ENST00000556695,ENST00000556695.5,WARS1
ENSG00000140105,ENSG00000140105.18,ENST00000556295,ENST00000556295.5,WARS1
ENSG00000140105,ENSG00000140105.18,ENST00000555031,ENST00000555031.5,WARS1
ENSG00000140105,ENSG00000140105.18,ENST00000553934,ENST00000553934.1,WARS1
ENSG00000140105,ENSG00000140105.18,ENST00000555464,ENST00000555464.1,WARS1
ENSG00000272906,ENSG00000272906.1,ENST00000610272,ENST00000610272.1,AL353708.3
ENSG00000143337,ENSG00000143337.18,ENST00000528443,ENST00000528443.6,TOR1AIP1
ENSG00000143337,ENSG00000143337.18,ENST00000271583,ENST00000271583.7,TOR1AIP1
ENSG00000143337,ENSG00000143337.18,ENST00000606911,ENST00000606911.6,TOR1AIP1
ENSG00000136874,ENSG00000136874.11,ENST00000259400,ENST00000259400.11,STX17
ENSG00000136874,ENSG00000136874.11,ENST00000529340,ENST00000529340.5,STX17
ENSG00000136874,ENSG00000136874.11,ENST00000533696,ENST00000533696.5,STX17
ENSG00000136874,ENSG00000136874.11,ENST00000531035,ENST00000531035.5,STX17
ENSG00000136874,ENSG00000136874.11,ENST00000525342,ENST00000525342.5,STX17
ENSG00000136874,ENSG00000136874.11,ENST00000524405,ENST00000524405.5,STX17
ENSG00000136874,ENSG00000136874.11,ENST00000525640,ENST00000525640.5,STX17
ENSG00000136874,ENSG00000136874.11,ENST00000534052,ENST00000534052.1,STX17
ENSG00000136874,ENSG00000136874.11,ENST00000526607,ENST00000526607.1,STX17
ENSG00000223552,ENSG00000223552.1,ENST00000451485,ENST00000451485.1,CCR5AS
ENSG00000121797,ENSG00000121797.10,ENST00000399036,ENST00000399036.4,CCRL2
ENSG00000121797,ENSG00000121797.10,ENST00000495870,ENST00000495870.1,CCRL2
ENSG00000121797,ENSG00000121797.10,ENST00000357392,ENST00000357392.4,CCRL2
ENSG00000121797,ENSG00000121797.10,ENST00000400880,ENST00000400880.3,CCRL2
ENSG00000121797,ENSG00000121797.10,ENST00000433848,ENST00000433848.1,CCRL2
ENSG00000096384,ENSG00000096384.20,ENST00000371646,ENST00000371646.10,HSP90AB1
ENSG00000096384,ENSG00000096384.20,ENST00000353801,ENST00000353801.7,HSP90AB1
ENSG00000169679,ENSG00000169679.15,ENST00000302759,ENST00000302759.11,BUB1
ENSG00000169679,ENSG00000169679.15,ENST00000535254,ENST00000535254.6,BUB1
ENSG00000169679,ENSG00000169679.15,ENST00000409311,ENST00000409311.5,BUB1
ENSG00000169679,ENSG00000169679.15,ENST00000466333,ENST00000466333.5,BUB1
ENSG00000169679,ENSG00000169679.15,ENST00000666956,ENST00000666956.1,BUB1
ENSG00000169679,ENSG00000169679.15,ENST00000465029,ENST00000465029.5,BUB1
ENSG00000169679,ENSG00000169679.15,ENST00000447014,ENST00000447014.5,BUB1
ENSG00000169679,ENSG00000169679.15,ENST00000420328,ENST00000420328.5,BUB1
ENSG00000160710,ENSG00000160710.17,ENST00000368474,ENST00000368474.9,ADAR
ENSG00000160710,ENSG00000160710.17,ENST00000649749,ENST00000649749.1,ADAR
ENSG00000160710,ENSG00000160710.17,ENST00000529168,ENST00000529168.2,ADAR
ENSG00000160710,ENSG00000160710.17,ENST00000647682,ENST00000647682.1,ADAR
ENSG00000160710,ENSG00000160710.17,ENST00000648871,ENST00000648871.1,ADAR
ENSG00000102524,ENSG00000102524.11,ENST00000375887,ENST00000375887.8,TNFSF13B
ENSG00000102524,ENSG00000102524.11,ENST00000479435,ENST00000479435.1,TNFSF13B
ENSG00000102524,ENSG00000102524.11,ENST00000430559,ENST00000430559.5,TNFSF13B
ENSG00000102524,ENSG00000102524.11,ENST00000542136,ENST00000542136.1,TNFSF13B
ENSG00000168310,ENSG00000168310.11,ENST00000393593,ENST00000393593.8,IRF2
ENSG00000168310,ENSG00000168310.11,ENST00000512020,ENST00000512020.5,IRF2
ENSG00000168310,ENSG00000168310.11,ENST00000506230,ENST00000506230.5,IRF2
ENSG00000168310,ENSG00000168310.11,ENST00000504340,ENST00000504340.1,IRF2
ENSG00000183386,ENSG00000183386.10,ENST00000483132,ENST00000483132.1,FHL3
ENSG00000271646,ENSG00000271646.1,ENST00000605834,ENST00000605834.1,AC099343.4
ENSG00000223466,ENSG00000223466.2,ENST00000452381,ENST00000452381.1,LINC01825
ENSG00000223466,ENSG00000223466.2,ENST00000667270,ENST00000667270.1,LINC01825
ENSG00000223466,ENSG00000223466.2,ENST00000671559,ENST00000671559.1,LINC01825
ENSG00000223466,ENSG00000223466.2,ENST00000665031,ENST00000665031.1,LINC01825
ENSG00000124688,ENSG00000124688.13,ENST00000451025,ENST00000451025.6,MAD2L1BP
ENSG00000172123,ENSG00000172123.12,ENST00000394562,ENST00000394562.5,SLFN12
ENSG00000172123,ENSG00000172123.12,ENST00000452764,ENST00000452764.3,SLFN12
ENSG00000172123,ENSG00000172123.12,ENST00000447040,ENST00000447040.6,SLFN12
ENSG00000172123,ENSG00000172123.12,ENST00000445092,ENST00000445092.5,SLFN12
ENSG00000172123,ENSG00000172123.12,ENST00000428476,ENST00000428476.2,SLFN12
ENSG00000164054,ENSG00000164054.15,ENST00000494854,ENST00000494854.5,SHISA5
ENSG00000164054,ENSG00000164054.15,ENST00000426002,ENST00000426002.5,SHISA5
ENSG00000164054,ENSG00000164054.15,ENST00000465449,ENST00000465449.5,SHISA5
ENSG00000164054,ENSG00000164054.15,ENST00000460758,ENST00000460758.1,SHISA5
ENSG00000164054,ENSG00000164054.15,ENST00000497863,ENST00000497863.1,SHISA5
ENSG00000117222,ENSG00000117222.14,ENST00000264515,ENST00000264515.11,RBBP5
ENSG00000117222,ENSG00000117222.14,ENST00000367164,ENST00000367164.1,RBBP5
ENSG00000117222,ENSG00000117222.14,ENST00000484379,ENST00000484379.1,RBBP5
ENSG00000138092,ENSG00000138092.11,ENST00000473476,ENST00000473476.5,CENPO
ENSG00000138092,ENSG00000138092.11,ENST00000380834,ENST00000380834.7,CENPO
ENSG00000138092,ENSG00000138092.11,ENST00000473706,ENST00000473706.5,CENPO
ENSG00000138092,ENSG00000138092.11,ENST00000491031,ENST00000491031.5,CENPO
ENSG00000138092,ENSG00000138092.11,ENST00000486527,ENST00000486527.6,CENPO
ENSG00000138092,ENSG00000138092.11,ENST00000498362,ENST00000498362.1,CENPO
ENSG00000138092,ENSG00000138092.11,ENST00000260662,ENST00000260662.2,CENPO
ENSG00000184924,ENSG00000184924.5,ENST00000328379,ENST00000328379.5,PTRHD1
ENSG00000184924,ENSG00000184924.5,ENST00000480190,ENST00000480190.1,PTRHD1
ENSG00000184924,ENSG00000184924.5,ENST00000474668,ENST00000474668.1,PTRHD1
ENSG00000184924,ENSG00000184924.5,ENST00000487316,ENST00000487316.1,PTRHD1
ENSG00000184924,ENSG00000184924.5,ENST00000492046,ENST00000492046.1,PTRHD1
ENSG00000067221,ENSG00000067221.14,ENST00000561656,ENST00000561656.5,STOML1
ENSG00000067221,ENSG00000067221.14,ENST00000563229,ENST00000563229.5,STOML1
ENSG00000073605,ENSG00000073605.18,ENST00000464556,ENST00000464556.1,GSDMB
ENSG00000221914,ENSG00000221914.11,ENST00000523925,ENST00000523925.5,PPP2R2A
ENSG00000221914,ENSG00000221914.11,ENST00000524099,ENST00000524099.5,PPP2R2A
ENSG00000221914,ENSG00000221914.11,ENST00000519636,ENST00000519636.5,PPP2R2A
ENSG00000221914,ENSG00000221914.11,ENST00000315985,ENST00000315985.7,PPP2R2A
ENSG00000221914,ENSG00000221914.11,ENST00000522482,ENST00000522482.5,PPP2R2A
ENSG00000221914,ENSG00000221914.11,ENST00000521557,ENST00000521557.5,PPP2R2A
ENSG00000221914,ENSG00000221914.11,ENST00000519439,ENST00000519439.5,PPP2R2A
ENSG00000221914,ENSG00000221914.11,ENST00000521484,ENST00000521484.5,PPP2R2A
ENSG00000170525,ENSG00000170525.21,ENST00000639949,ENST00000639949.1,PFKFB3
ENSG00000261471,ENSG00000261471.1,ENST00000564809,ENST00000564809.1,AC092145.1
ENSG00000112773,ENSG00000112773.16,ENST00000369754,ENST00000369754.7,TENT5A
ENSG00000112773,ENSG00000112773.16,ENST00000320172,ENST00000320172.11,TENT5A
ENSG00000112773,ENSG00000112773.16,ENST00000369756,ENST00000369756.3,TENT5A
ENSG00000140853,ENSG00000140853.15,ENST00000539881,ENST00000539881.5,NLRC5
ENSG00000140853,ENSG00000140853.15,ENST00000262510,ENST00000262510.10,NLRC5
ENSG00000140853,ENSG00000140853.15,ENST00000543141,ENST00000543141.5,NLRC5
ENSG00000140853,ENSG00000140853.15,ENST00000538273,ENST00000538273.5,NLRC5
ENSG00000140853,ENSG00000140853.15,ENST00000535658,ENST00000535658.1,NLRC5
ENSG00000226453,ENSG00000226453.2,ENST00000660534,ENST00000660534.1,LINC02542
ENSG00000127184,ENSG00000127184.13,ENST00000247655,ENST00000247655.4,COX7C
ENSG00000127184,ENSG00000127184.13,ENST00000511472,ENST00000511472.5,COX7C
ENSG00000127184,ENSG00000127184.13,ENST00000505430,ENST00000505430.5,COX7C
ENSG00000127184,ENSG00000127184.13,ENST00000509578,ENST00000509578.1,COX7C
ENSG00000127184,ENSG00000127184.13,ENST00000515763,ENST00000515763.1,COX7C
ENSG00000127184,ENSG00000127184.13,ENST00000513124,ENST00000513124.1,COX7C
ENSG00000127184,ENSG00000127184.13,ENST00000510447,ENST00000510447.1,COX7C
ENSG00000167792,ENSG00000167792.13,ENST00000647561,ENST00000647561.1,NDUFV1
ENSG00000255119,ENSG00000255119.1,ENST00000533876,ENST00000533876.1,AP003385.3
ENSG00000184224,ENSG00000184224.3,ENST00000446232,ENST00000446232.1,C11orf72
ENSG00000108771,ENSG00000108771.13,ENST00000251642,ENST00000251642.8,DHX58
ENSG00000108771,ENSG00000108771.13,ENST00000586522,ENST00000586522.5,DHX58
ENSG00000108771,ENSG00000108771.13,ENST00000413196,ENST00000413196.6,DHX58
ENSG00000108771,ENSG00000108771.13,ENST00000591220,ENST00000591220.5,DHX58
ENSG00000108771,ENSG00000108771.13,ENST00000430773,ENST00000430773.1,DHX58
ENSG00000158773,ENSG00000158773.14,ENST00000368020,ENST00000368020.5,USF1
ENSG00000123737,ENSG00000123737.13,ENST00000509980,ENST00000509980.5,EXOSC9
ENSG00000123737,ENSG00000123737.13,ENST00000379663,ENST00000379663.7,EXOSC9
ENSG00000123737,ENSG00000123737.13,ENST00000243498,ENST00000243498.10,EXOSC9
ENSG00000123737,ENSG00000123737.13,ENST00000513654,ENST00000513654.5,EXOSC9
ENSG00000123737,ENSG00000123737.13,ENST00000511454,ENST00000511454.5,EXOSC9
ENSG00000123737,ENSG00000123737.13,ENST00000509800,ENST00000509800.5,EXOSC9
ENSG00000123737,ENSG00000123737.13,ENST00000512454,ENST00000512454.5,EXOSC9
ENSG00000067066,ENSG00000067066.17,ENST00000264052,ENST00000264052.9,SP100
ENSG00000067066,ENSG00000067066.17,ENST00000432979,ENST00000432979.5,SP100
ENSG00000067066,ENSG00000067066.17,ENST00000409824,ENST00000409824.5,SP100
ENSG00000067066,ENSG00000067066.17,ENST00000409341,ENST00000409341.5,SP100
ENSG00000067066,ENSG00000067066.17,ENST00000409112,ENST00000409112.5,SP100
ENSG00000067066,ENSG00000067066.17,ENST00000340126,ENST00000340126.9,SP100
ENSG00000067066,ENSG00000067066.17,ENST00000409897,ENST00000409897.5,SP100
ENSG00000067066,ENSG00000067066.17,ENST00000427101,ENST00000427101.6,SP100
ENSG00000183726,ENSG00000183726.11,ENST00000374358,ENST00000374358.5,TMEM50A
ENSG00000183726,ENSG00000183726.11,ENST00000498135,ENST00000498135.5,TMEM50A
ENSG00000183726,ENSG00000183726.11,ENST00000491936,ENST00000491936.5,TMEM50A
ENSG00000183726,ENSG00000183726.11,ENST00000480937,ENST00000480937.5,TMEM50A
ENSG00000183726,ENSG00000183726.11,ENST00000468704,ENST00000468704.1,TMEM50A
ENSG00000143374,ENSG00000143374.17,ENST00000369054,ENST00000369054.6,TARS2
ENSG00000143374,ENSG00000143374.17,ENST00000369064,ENST00000369064.8,TARS2
ENSG00000143374,ENSG00000143374.17,ENST00000606933,ENST00000606933.5,TARS2
ENSG00000143374,ENSG00000143374.17,ENST00000369053,ENST00000369053.3,TARS2
ENSG00000143374,ENSG00000143374.17,ENST00000369051,ENST00000369051.7,TARS2
ENSG00000143374,ENSG00000143374.17,ENST00000479372,ENST00000479372.1,TARS2
ENSG00000143374,ENSG00000143374.17,ENST00000467982,ENST00000467982.6,TARS2
ENSG00000143374,ENSG00000143374.17,ENST00000438568,ENST00000438568.6,TARS2
ENSG00000135114,ENSG00000135114.12,ENST00000257570,ENST00000257570.9,OASL
ENSG00000135114,ENSG00000135114.12,ENST00000339275,ENST00000339275.9,OASL
ENSG00000135114,ENSG00000135114.12,ENST00000543677,ENST00000543677.1,OASL
ENSG00000135114,ENSG00000135114.12,ENST00000620239,ENST00000620239.4,OASL
ENSG00000132424,ENSG00000132424.16,ENST00000647811,ENST00000647811.1,PNISR
ENSG00000132424,ENSG00000132424.16,ENST00000369239,ENST00000369239.10,PNISR
ENSG00000132424,ENSG00000132424.16,ENST00000478777,ENST00000478777.5,PNISR
ENSG00000132424,ENSG00000132424.16,ENST00000492294,ENST00000492294.5,PNISR
ENSG00000132424,ENSG00000132424.16,ENST00000498075,ENST00000498075.1,PNISR
ENSG00000132424,ENSG00000132424.16,ENST00000466057,ENST00000466057.1,PNISR
ENSG00000132424,ENSG00000132424.16,ENST00000438806,ENST00000438806.5,PNISR
ENSG00000095485,ENSG00000095485.18,ENST00000468709,ENST00000468709.5,CWF19L1
ENSG00000095485,ENSG00000095485.18,ENST00000482452,ENST00000482452.5,CWF19L1
ENSG00000095485,ENSG00000095485.18,ENST00000354105,ENST00000354105.10,CWF19L1
ENSG00000095485,ENSG00000095485.18,ENST00000466955,ENST00000466955.5,CWF19L1
ENSG00000095485,ENSG00000095485.18,ENST00000496796,ENST00000496796.5,CWF19L1
ENSG00000095485,ENSG00000095485.18,ENST00000473842,ENST00000473842.1,CWF19L1
ENSG00000228506,ENSG00000228506.2,ENST00000418945,ENST00000418945.2,AL513550.1
ENSG00000121858,ENSG00000121858.11,ENST00000241261,ENST00000241261.7,TNFSF10
ENSG00000121858,ENSG00000121858.11,ENST00000420541,ENST00000420541.6,TNFSF10
ENSG00000121858,ENSG00000121858.11,ENST00000430881,ENST00000430881.1,TNFSF10
ENSG00000121858,ENSG00000121858.11,ENST00000494851,ENST00000494851.5,TNFSF10
ENSG00000121858,ENSG00000121858.11,ENST00000472804,ENST00000472804.1,TNFSF10
ENSG00000121858,ENSG00000121858.11,ENST00000466777,ENST00000466777.1,TNFSF10
ENSG00000223387,ENSG00000223387.6,ENST00000418839,ENST00000418839.2,LINC02068
ENSG00000132530,ENSG00000132530.17,ENST00000573760,ENST00000573760.1,XAF1
ENSG00000132530,ENSG00000132530.17,ENST00000575369,ENST00000575369.5,XAF1
ENSG00000132530,ENSG00000132530.17,ENST00000576341,ENST00000576341.1,XAF1
ENSG00000132530,ENSG00000132530.17,ENST00000574394,ENST00000574394.5,XAF1
ENSG00000132530,ENSG00000132530.17,ENST00000346752,ENST00000346752.8,XAF1
ENSG00000132530,ENSG00000132530.17,ENST00000361842,ENST00000361842.8,XAF1
ENSG00000132530,ENSG00000132530.17,ENST00000576459,ENST00000576459.1,XAF1
ENSG00000132530,ENSG00000132530.17,ENST00000572546,ENST00000572546.5,XAF1
ENSG00000132530,ENSG00000132530.17,ENST00000575267,ENST00000575267.1,XAF1
ENSG00000132530,ENSG00000132530.17,ENST00000572107,ENST00000572107.1,XAF1
ENSG00000132530,ENSG00000132530.17,ENST00000576724,ENST00000576724.5,XAF1
ENSG00000132530,ENSG00000132530.17,ENST00000571217,ENST00000571217.5,XAF1
ENSG00000132530,ENSG00000132530.17,ENST00000575147,ENST00000575147.5,XAF1
ENSG00000132530,ENSG00000132530.17,ENST00000574907,ENST00000574907.5,XAF1
ENSG00000132530,ENSG00000132530.17,ENST00000571135,ENST00000571135.5,XAF1
ENSG00000132530,ENSG00000132530.17,ENST00000574962,ENST00000574962.5,XAF1
ENSG00000132530,ENSG00000132530.17,ENST00000571673,ENST00000571673.1,XAF1
ENSG00000111335,ENSG00000111335.13,ENST00000342315,ENST00000342315.8,OAS2
ENSG00000111335,ENSG00000111335.13,ENST00000392583,ENST00000392583.7,OAS2
ENSG00000111335,ENSG00000111335.13,ENST00000449768,ENST00000449768.2,OAS2
ENSG00000111335,ENSG00000111335.13,ENST00000552756,ENST00000552756.5,OAS2
ENSG00000111335,ENSG00000111335.13,ENST00000551603,ENST00000551603.1,OAS2
ENSG00000111335,ENSG00000111335.13,ENST00000620097,ENST00000620097.1,OAS2
ENSG00000089127,ENSG00000089127.13,ENST00000202917,ENST00000202917.10,OAS1
ENSG00000089127,ENSG00000089127.13,ENST00000445409,ENST00000445409.6,OAS1
ENSG00000089127,ENSG00000089127.13,ENST00000452357,ENST00000452357.6,OAS1
ENSG00000089127,ENSG00000089127.13,ENST00000550883,ENST00000550883.1,OAS1
ENSG00000089127,ENSG00000089127.13,ENST00000549820,ENST00000549820.1,OAS1
ENSG00000089127,ENSG00000089127.13,ENST00000551241,ENST00000551241.5,OAS1
ENSG00000089127,ENSG00000089127.13,ENST00000553185,ENST00000553185.1,OAS1
ENSG00000089127,ENSG00000089127.13,ENST00000550689,ENST00000550689.1,OAS1
ENSG00000111331,ENSG00000111331.13,ENST00000228928,ENST00000228928.12,OAS3
ENSG00000111331,ENSG00000111331.13,ENST00000551007,ENST00000551007.1,OAS3
ENSG00000111331,ENSG00000111331.13,ENST00000548514,ENST00000548514.1,OAS3
ENSG00000111331,ENSG00000111331.13,ENST00000546638,ENST00000546638.1,OAS3
ENSG00000184898,ENSG00000184898.7,ENST00000331426,ENST00000331426.6,RBM43
ENSG00000184898,ENSG00000184898.7,ENST00000409092,ENST00000409092.1,RBM43
ENSG00000274904,ENSG00000274904.1,ENST00000617969,ENST00000617969.1,AC093512.1
ENSG00000149925,ENSG00000149925.21,ENST00000643777,ENST00000643777.3,ALDOA
ENSG00000149925,ENSG00000149925.21,ENST00000642816,ENST00000642816.2,ALDOA
ENSG00000149925,ENSG00000149925.21,ENST00000567555,ENST00000567555.1,ALDOA
ENSG00000149925,ENSG00000149925.21,ENST00000569798,ENST00000569798.5,ALDOA
ENSG00000149925,ENSG00000149925.21,ENST00000395240,ENST00000395240.7,ALDOA
ENSG00000149925,ENSG00000149925.21,ENST00000566012,ENST00000566012.1,ALDOA
ENSG00000149925,ENSG00000149925.21,ENST00000566846,ENST00000566846.5,ALDOA
ENSG00000234684,ENSG00000234684.7,ENST00000609745,ENST00000609745.1,SDCBP2-AS1
ENSG00000234684,ENSG00000234684.7,ENST00000609470,ENST00000609470.6,SDCBP2-AS1
ENSG00000234684,ENSG00000234684.7,ENST00000607947,ENST00000607947.1,SDCBP2-AS1
ENSG00000234684,ENSG00000234684.7,ENST00000609285,ENST00000609285.6,SDCBP2-AS1
ENSG00000234684,ENSG00000234684.7,ENST00000446423,ENST00000446423.2,SDCBP2-AS1
ENSG00000234684,ENSG00000234684.7,ENST00000665859,ENST00000665859.1,SDCBP2-AS1
ENSG00000234684,ENSG00000234684.7,ENST00000670879,ENST00000670879.1,SDCBP2-AS1
ENSG00000234684,ENSG00000234684.7,ENST00000658491,ENST00000658491.1,SDCBP2-AS1
ENSG00000234684,ENSG00000234684.7,ENST00000653665,ENST00000653665.1,SDCBP2-AS1
ENSG00000125775,ENSG00000125775.15,ENST00000381812,ENST00000381812.5,SDCBP2
ENSG00000125775,ENSG00000125775.15,ENST00000339987,ENST00000339987.7,SDCBP2
ENSG00000095397,ENSG00000095397.16,ENST00000265134,ENST00000265134.10,WHRN
ENSG00000228775,ENSG00000228775.8,ENST00000665340,ENST00000665340.1,WEE2-AS1
ENSG00000228775,ENSG00000228775.8,ENST00000488785,ENST00000488785.5,WEE2-AS1
ENSG00000228775,ENSG00000228775.8,ENST00000462383,ENST00000462383.6,WEE2-AS1
ENSG00000228775,ENSG00000228775.8,ENST00000495800,ENST00000495800.5,WEE2-AS1
ENSG00000228775,ENSG00000228775.8,ENST00000465110,ENST00000465110.5,WEE2-AS1
ENSG00000228775,ENSG00000228775.8,ENST00000478332,ENST00000478332.5,WEE2-AS1
ENSG00000228775,ENSG00000228775.8,ENST00000459753,ENST00000459753.5,WEE2-AS1
ENSG00000228775,ENSG00000228775.8,ENST00000471512,ENST00000471512.5,WEE2-AS1
ENSG00000228775,ENSG00000228775.8,ENST00000486906,ENST00000486906.2,WEE2-AS1
ENSG00000228775,ENSG00000228775.8,ENST00000653232,ENST00000653232.1,WEE2-AS1
ENSG00000228775,ENSG00000228775.8,ENST00000473776,ENST00000473776.1,WEE2-AS1
ENSG00000106028,ENSG00000106028.11,ENST00000265304,ENST00000265304.11,SSBP1
ENSG00000106028,ENSG00000106028.11,ENST00000496622,ENST00000496622.1,SSBP1
ENSG00000106028,ENSG00000106028.11,ENST00000498107,ENST00000498107.5,SSBP1
ENSG00000106028,ENSG00000106028.11,ENST00000489378,ENST00000489378.5,SSBP1
ENSG00000106028,ENSG00000106028.11,ENST00000469123,ENST00000469123.5,SSBP1
ENSG00000106028,ENSG00000106028.11,ENST00000467681,ENST00000467681.5,SSBP1
ENSG00000106028,ENSG00000106028.11,ENST00000465582,ENST00000465582.5,SSBP1
ENSG00000106028,ENSG00000106028.11,ENST00000461433,ENST00000461433.1,SSBP1
ENSG00000106028,ENSG00000106028.11,ENST00000463093,ENST00000463093.5,SSBP1
ENSG00000106028,ENSG00000106028.11,ENST00000465167,ENST00000465167.1,SSBP1
ENSG00000106028,ENSG00000106028.11,ENST00000468267,ENST00000468267.1,SSBP1
ENSG00000106028,ENSG00000106028.11,ENST00000484178,ENST00000484178.5,SSBP1
ENSG00000106028,ENSG00000106028.11,ENST00000473783,ENST00000473783.5,SSBP1
ENSG00000106028,ENSG00000106028.11,ENST00000481508,ENST00000481508.1,SSBP1
ENSG00000106028,ENSG00000106028.11,ENST00000612337,ENST00000612337.4,SSBP1
ENSG00000133106,ENSG00000133106.14,ENST00000313640,ENST00000313640.11,EPSTI1
ENSG00000133106,ENSG00000133106.14,ENST00000313624,ENST00000313624.11,EPSTI1
ENSG00000133106,ENSG00000133106.14,ENST00000540470,ENST00000540470.5,EPSTI1
ENSG00000133106,ENSG00000133106.14,ENST00000398762,ENST00000398762.7,EPSTI1
ENSG00000133106,ENSG00000133106.14,ENST00000476830,ENST00000476830.6,EPSTI1
ENSG00000133106,ENSG00000133106.14,ENST00000538562,ENST00000538562.5,EPSTI1
ENSG00000133106,ENSG00000133106.14,ENST00000536042,ENST00000536042.1,EPSTI1
ENSG00000171132,ENSG00000171132.14,ENST00000421201,ENST00000421201.1,PRKCE
ENSG00000103353,ENSG00000103353.16,ENST00000395878,ENST00000395878.8,UBFD1
ENSG00000103353,ENSG00000103353.16,ENST00000567212,ENST00000567212.5,UBFD1
ENSG00000103353,ENSG00000103353.16,ENST00000567264,ENST00000567264.1,UBFD1
ENSG00000103353,ENSG00000103353.16,ENST00000571064,ENST00000571064.5,UBFD1
ENSG00000103353,ENSG00000103353.16,ENST00000566669,ENST00000566669.1,UBFD1
ENSG00000103356,ENSG00000103356.17,ENST00000449606,ENST00000449606.7,EARS2
ENSG00000103356,ENSG00000103356.17,ENST00000564501,ENST00000564501.5,EARS2
ENSG00000103356,ENSG00000103356.17,ENST00000563232,ENST00000563232.1,EARS2
ENSG00000103356,ENSG00000103356.17,ENST00000564668,ENST00000564668.5,EARS2
ENSG00000103356,ENSG00000103356.17,ENST00000564461,ENST00000564461.5,EARS2
ENSG00000103356,ENSG00000103356.17,ENST00000562581,ENST00000562581.5,EARS2
ENSG00000103356,ENSG00000103356.17,ENST00000561859,ENST00000561859.5,EARS2
ENSG00000103356,ENSG00000103356.17,ENST00000564997,ENST00000564997.1,EARS2
ENSG00000103356,ENSG00000103356.17,ENST00000563499,ENST00000563499.1,EARS2
ENSG00000103356,ENSG00000103356.17,ENST00000562799,ENST00000562799.1,EARS2
ENSG00000103356,ENSG00000103356.17,ENST00000563459,ENST00000563459.5,EARS2
ENSG00000100387,ENSG00000100387.9,ENST00000467617,ENST00000467617.1,RBX1
ENSG00000123609,ENSG00000123609.11,ENST00000243346,ENST00000243346.10,NMI
ENSG00000123609,ENSG00000123609.11,ENST00000491771,ENST00000491771.5,NMI
ENSG00000123609,ENSG00000123609.11,ENST00000414946,ENST00000414946.1,NMI
ENSG00000123609,ENSG00000123609.11,ENST00000477072,ENST00000477072.1,NMI
ENSG00000138496,ENSG00000138496.16,ENST00000477522,ENST00000477522.6,PARP9
ENSG00000138496,ENSG00000138496.16,ENST00000492382,ENST00000492382.5,PARP9
ENSG00000138496,ENSG00000138496.16,ENST00000360356,ENST00000360356.6,PARP9
ENSG00000138496,ENSG00000138496.16,ENST00000471785,ENST00000471785.5,PARP9
ENSG00000138496,ENSG00000138496.16,ENST00000462315,ENST00000462315.5,PARP9
ENSG00000138496,ENSG00000138496.16,ENST00000466126,ENST00000466126.1,PARP9
ENSG00000163840,ENSG00000163840.10,ENST00000296161,ENST00000296161.9,DTX3L
ENSG00000163840,ENSG00000163840.10,ENST00000383661,ENST00000383661.3,DTX3L
ENSG00000189266,ENSG00000189266.13,ENST00000471915,ENST00000471915.5,PNRC2
ENSG00000184371,ENSG00000184371.14,ENST00000527192,ENST00000527192.5,CSF1
ENSG00000184371,ENSG00000184371.14,ENST00000525659,ENST00000525659.5,CSF1
ENSG00000184371,ENSG00000184371.14,ENST00000357302,ENST00000357302.8,CSF1
ENSG00000184371,ENSG00000184371.14,ENST00000329608,ENST00000329608.11,CSF1
ENSG00000184371,ENSG00000184371.14,ENST00000488198,ENST00000488198.5,CSF1
ENSG00000184371,ENSG00000184371.14,ENST00000369802,ENST00000369802.7,CSF1
ENSG00000184371,ENSG00000184371.14,ENST00000420111,ENST00000420111.6,CSF1
ENSG00000184371,ENSG00000184371.14,ENST00000369801,ENST00000369801.1,CSF1
ENSG00000245556,ENSG00000245556.3,ENST00000513755,ENST00000513755.1,SCAMP1-AS1
ENSG00000245556,ENSG00000245556.3,ENST00000421004,ENST00000421004.3,SCAMP1-AS1
ENSG00000245556,ENSG00000245556.3,ENST00000665502,ENST00000665502.1,SCAMP1-AS1
ENSG00000140022,ENSG00000140022.13,ENST00000555447,ENST00000555447.5,STON2
ENSG00000178685,ENSG00000178685.14,ENST00000524918,ENST00000524918.5,PARP10
ENSG00000178685,ENSG00000178685.14,ENST00000313028,ENST00000313028.12,PARP10
ENSG00000178685,ENSG00000178685.14,ENST00000525773,ENST00000525773.5,PARP10
ENSG00000178685,ENSG00000178685.14,ENST00000527262,ENST00000527262.5,PARP10
ENSG00000178685,ENSG00000178685.14,ENST00000313059,ENST00000313059.9,PARP10
ENSG00000178685,ENSG00000178685.14,ENST00000533665,ENST00000533665.1,PARP10
ENSG00000178685,ENSG00000178685.14,ENST00000526985,ENST00000526985.1,PARP10
ENSG00000178685,ENSG00000178685.14,ENST00000528580,ENST00000528580.1,PARP10
ENSG00000178685,ENSG00000178685.14,ENST00000531707,ENST00000531707.1,PARP10
ENSG00000085365,ENSG00000085365.18,ENST00000621999,ENST00000621999.5,SCAMP1
ENSG00000085365,ENSG00000085365.18,ENST00000614488,ENST00000614488.4,SCAMP1
ENSG00000085365,ENSG00000085365.18,ENST00000618166,ENST00000618166.4,SCAMP1
ENSG00000085365,ENSG00000085365.18,ENST00000511551,ENST00000511551.2,SCAMP1
ENSG00000085365,ENSG00000085365.18,ENST00000510030,ENST00000510030.2,SCAMP1
ENSG00000136147,ENSG00000136147.18,ENST00000482487,ENST00000482487.5,PHF11
ENSG00000136147,ENSG00000136147.18,ENST00000481509,ENST00000481509.5,PHF11
ENSG00000136147,ENSG00000136147.18,ENST00000378319,ENST00000378319.8,PHF11
ENSG00000136147,ENSG00000136147.18,ENST00000496623,ENST00000496623.5,PHF11
ENSG00000136147,ENSG00000136147.18,ENST00000467763,ENST00000467763.5,PHF11
ENSG00000136147,ENSG00000136147.18,ENST00000476953,ENST00000476953.6,PHF11
ENSG00000136147,ENSG00000136147.18,ENST00000426879,ENST00000426879.5,PHF11
ENSG00000136147,ENSG00000136147.18,ENST00000487433,ENST00000487433.6,PHF11
ENSG00000136147,ENSG00000136147.18,ENST00000496612,ENST00000496612.5,PHF11
ENSG00000136147,ENSG00000136147.18,ENST00000485919,ENST00000485919.5,PHF11
ENSG00000136147,ENSG00000136147.18,ENST00000465045,ENST00000465045.5,PHF11
ENSG00000136147,ENSG00000136147.18,ENST00000442195,ENST00000442195.5,PHF11
ENSG00000136147,ENSG00000136147.18,ENST00000357596,ENST00000357596.7,PHF11
ENSG00000187608,ENSG00000187608.10,ENST00000649529,ENST00000649529.1,ISG15
ENSG00000224969,ENSG00000224969.1,ENST00000458555,ENST00000458555.1,AL645608.1
ENSG00000125826,ENSG00000125826.21,ENST00000382214,ENST00000382214.7,RBCK1
ENSG00000125826,ENSG00000125826.21,ENST00000356286,ENST00000356286.10,RBCK1
ENSG00000125826,ENSG00000125826.21,ENST00000415942,ENST00000415942.5,RBCK1
ENSG00000125826,ENSG00000125826.21,ENST00000475269,ENST00000475269.5,RBCK1
ENSG00000125826,ENSG00000125826.21,ENST00000441733,ENST00000441733.5,RBCK1
ENSG00000125826,ENSG00000125826.21,ENST00000353660,ENST00000353660.7,RBCK1
ENSG00000125826,ENSG00000125826.21,ENST00000400245,ENST00000400245.3,RBCK1
ENSG00000125826,ENSG00000125826.21,ENST00000382181,ENST00000382181.2,RBCK1
ENSG00000125826,ENSG00000125826.21,ENST00000400247,ENST00000400247.3,RBCK1
ENSG00000125826,ENSG00000125826.21,ENST00000640614,ENST00000640614.1,RBCK1
ENSG00000173193,ENSG00000173193.15,ENST00000474629,ENST00000474629.7,PARP14
ENSG00000173193,ENSG00000173193.15,ENST00000494811,ENST00000494811.2,PARP14
ENSG00000173193,ENSG00000173193.15,ENST00000649945,ENST00000649945.1,PARP14
ENSG00000151012,ENSG00000151012.13,ENST00000280612,ENST00000280612.9,SLC7A11
ENSG00000110723,ENSG00000110723.12,ENST00000526312,ENST00000526312.5,EXPH5
ENSG00000136051,ENSG00000136051.15,ENST00000311317,ENST00000311317.8,WASHC4
ENSG00000136051,ENSG00000136051.15,ENST00000332180,ENST00000332180.10,WASHC4
ENSG00000136051,ENSG00000136051.15,ENST00000550053,ENST00000550053.5,WASHC4
ENSG00000136051,ENSG00000136051.15,ENST00000620430,ENST00000620430.5,WASHC4
ENSG00000136051,ENSG00000136051.15,ENST00000547404,ENST00000547404.1,WASHC4
ENSG00000136010,ENSG00000136010.14,ENST00000652515,ENST00000652515.1,ALDH1L2
ENSG00000172936,ENSG00000172936.15,ENST00000396334,ENST00000396334.8,MYD88
ENSG00000172936,ENSG00000172936.15,ENST00000424893,ENST00000424893.6,MYD88
ENSG00000172936,ENSG00000172936.15,ENST00000652213,ENST00000652213.1,MYD88
ENSG00000172936,ENSG00000172936.15,ENST00000416282,ENST00000416282.3,MYD88
ENSG00000172936,ENSG00000172936.15,ENST00000460295,ENST00000460295.1,MYD88
ENSG00000172936,ENSG00000172936.15,ENST00000495303,ENST00000495303.6,MYD88
ENSG00000172936,ENSG00000172936.15,ENST00000443433,ENST00000443433.7,MYD88
ENSG00000172936,ENSG00000172936.15,ENST00000652590,ENST00000652590.1,MYD88
ENSG00000172936,ENSG00000172936.15,ENST00000421516,ENST00000421516.3,MYD88
ENSG00000172936,ENSG00000172936.15,ENST00000650905,ENST00000650905.2,MYD88
ENSG00000172936,ENSG00000172936.15,ENST00000652534,ENST00000652534.1,MYD88
ENSG00000172936,ENSG00000172936.15,ENST00000417037,ENST00000417037.7,MYD88
ENSG00000172936,ENSG00000172936.15,ENST00000651800,ENST00000651800.1,MYD88
ENSG00000172936,ENSG00000172936.15,ENST00000650112,ENST00000650112.1,MYD88
ENSG00000111837,ENSG00000111837.11,ENST00000313243,ENST00000313243.6,MAK
ENSG00000111837,ENSG00000111837.11,ENST00000474039,ENST00000474039.5,MAK
ENSG00000111837,ENSG00000111837.11,ENST00000354489,ENST00000354489.6,MAK
ENSG00000111837,ENSG00000111837.11,ENST00000536370,ENST00000536370.5,MAK
ENSG00000155090,ENSG00000155090.15,ENST00000285407,ENST00000285407.11,KLF10
ENSG00000155090,ENSG00000155090.15,ENST00000395884,ENST00000395884.3,KLF10
ENSG00000109606,ENSG00000109606.13,ENST00000336812,ENST00000336812.5,DHX15
ENSG00000109606,ENSG00000109606.13,ENST00000511553,ENST00000511553.5,DHX15
ENSG00000109606,ENSG00000109606.13,ENST00000513092,ENST00000513092.1,DHX15
ENSG00000283959,ENSG00000283959.1,ENST00000640504,ENST00000640504.1,AP002851.1
ENSG00000224184,ENSG00000224184.6,ENST00000653212,ENST00000653212.1,MIR3681HG
ENSG00000224184,ENSG00000224184.6,ENST00000665021,ENST00000665021.1,MIR3681HG
ENSG00000170581,ENSG00000170581.14,ENST00000314128,ENST00000314128.9,STAT2
ENSG00000170581,ENSG00000170581.14,ENST00000651301,ENST00000651301.1,STAT2
ENSG00000170581,ENSG00000170581.14,ENST00000651915,ENST00000651915.1,STAT2
ENSG00000170581,ENSG00000170581.14,ENST00000651078,ENST00000651078.1,STAT2
ENSG00000170581,ENSG00000170581.14,ENST00000651805,ENST00000651805.1,STAT2
ENSG00000170581,ENSG00000170581.14,ENST00000652091,ENST00000652091.1,STAT2
ENSG00000170581,ENSG00000170581.14,ENST00000651934,ENST00000651934.1,STAT2
ENSG00000170581,ENSG00000170581.14,ENST00000652741,ENST00000652741.1,STAT2
ENSG00000170581,ENSG00000170581.14,ENST00000650805,ENST00000650805.1,STAT2
ENSG00000170581,ENSG00000170581.14,ENST00000652624,ENST00000652624.1,STAT2
ENSG00000170581,ENSG00000170581.14,ENST00000556140,ENST00000556140.6,STAT2
ENSG00000170581,ENSG00000170581.14,ENST00000652398,ENST00000652398.1,STAT2
ENSG00000170581,ENSG00000170581.14,ENST00000557235,ENST00000557235.5,STAT2
ENSG00000170581,ENSG00000170581.14,ENST00000418572,ENST00000418572.7,STAT2
ENSG00000170581,ENSG00000170581.14,ENST00000557417,ENST00000557417.5,STAT2
ENSG00000170581,ENSG00000170581.14,ENST00000555646,ENST00000555646.1,STAT2
ENSG00000125630,ENSG00000125630.16,ENST00000263331,ENST00000263331.10,POLR1B
ENSG00000125630,ENSG00000125630.16,ENST00000438748,ENST00000438748.5,POLR1B
ENSG00000125630,ENSG00000125630.16,ENST00000430769,ENST00000430769.1,POLR1B
ENSG00000125630,ENSG00000125630.16,ENST00000333990,ENST00000333990.10,POLR1B
ENSG00000125630,ENSG00000125630.16,ENST00000409894,ENST00000409894.7,POLR1B
ENSG00000125630,ENSG00000125630.16,ENST00000448770,ENST00000448770.5,POLR1B
ENSG00000125630,ENSG00000125630.16,ENST00000430293,ENST00000430293.1,POLR1B
ENSG00000125630,ENSG00000125630.16,ENST00000424062,ENST00000424062.1,POLR1B
ENSG00000125630,ENSG00000125630.16,ENST00000417433,ENST00000417433.6,POLR1B
ENSG00000125630,ENSG00000125630.16,ENST00000496238,ENST00000496238.5,POLR1B
ENSG00000125630,ENSG00000125630.16,ENST00000541869,ENST00000541869.5,POLR1B
ENSG00000125630,ENSG00000125630.16,ENST00000537335,ENST00000537335.5,POLR1B
ENSG00000229474,ENSG00000229474.6,ENST00000558573,ENST00000558573.1,PATL2
ENSG00000126709,ENSG00000126709.15,ENST00000361157,ENST00000361157.11,IFI6
ENSG00000126709,ENSG00000126709.15,ENST00000339145,ENST00000339145.8,IFI6
ENSG00000126709,ENSG00000126709.15,ENST00000362020,ENST00000362020.4,IFI6
ENSG00000160753,ENSG00000160753.16,ENST00000467820,ENST00000467820.5,RUSC1
ENSG00000160753,ENSG00000160753.16,ENST00000497930,ENST00000497930.5,RUSC1
ENSG00000196247,ENSG00000196247.11,ENST00000360117,ENST00000360117.7,ZNF107
ENSG00000196247,ENSG00000196247.11,ENST00000344930,ENST00000344930.7,ZNF107
ENSG00000196247,ENSG00000196247.11,ENST00000613690,ENST00000613690.4,ZNF107
ENSG00000196247,ENSG00000196247.11,ENST00000620827,ENST00000620827.4,ZNF107
ENSG00000133816,ENSG00000133816.15,ENST00000530823,ENST00000530823.1,MICAL2
ENSG00000263001,ENSG00000263001.6,ENST00000652150,ENST00000652150.1,GTF2I
ENSG00000263001,ENSG00000263001.6,ENST00000650807,ENST00000650807.1,GTF2I
ENSG00000166710,ENSG00000166710.20,ENST00000559720,ENST00000559720.5,B2M
ENSG00000166710,ENSG00000166710.20,ENST00000561424,ENST00000561424.5,B2M
ENSG00000166710,ENSG00000166710.20,ENST00000559916,ENST00000559916.1,B2M
ENSG00000166710,ENSG00000166710.20,ENST00000349264,ENST00000349264.10,B2M
ENSG00000166710,ENSG00000166710.20,ENST00000648006,ENST00000648006.2,B2M
ENSG00000166710,ENSG00000166710.20,ENST00000557901,ENST00000557901.5,B2M
ENSG00000166710,ENSG00000166710.20,ENST00000559907,ENST00000559907.5,B2M
ENSG00000166710,ENSG00000166710.20,ENST00000544417,ENST00000544417.5,B2M
ENSG00000205413,ENSG00000205413.8,ENST00000379958,ENST00000379958.3,SAMD9
ENSG00000205413,ENSG00000205413.8,ENST00000446617,ENST00000446617.1,SAMD9
ENSG00000205413,ENSG00000205413.8,ENST00000620985,ENST00000620985.4,SAMD9
ENSG00000204267,ENSG00000204267.16,ENST00000652259,ENST00000652259.1,TAP2
ENSG00000204267,ENSG00000204267.16,ENST00000374897,ENST00000374897.4,TAP2
ENSG00000204267,ENSG00000204267.16,ENST00000620123,ENST00000620123.4,TAP2
ENSG00000250264,ENSG00000250264.1,ENST00000452392,ENST00000452392.2,AL669918.1
ENSG00000130589,ENSG00000130589.16,ENST00000479540,ENST00000479540.5,HELZ2
ENSG00000130589,ENSG00000130589.16,ENST00000370082,ENST00000370082.1,HELZ2
ENSG00000185880,ENSG00000185880.13,ENST00000559390,ENST00000559390.5,TRIM69
ENSG00000185880,ENSG00000185880.13,ENST00000560141,ENST00000560141.2,TRIM69
ENSG00000185880,ENSG00000185880.13,ENST00000560554,ENST00000560554.1,TRIM69
ENSG00000185880,ENSG00000185880.13,ENST00000559315,ENST00000559315.1,TRIM69
ENSG00000185880,ENSG00000185880.13,ENST00000561237,ENST00000561237.1,TRIM69
ENSG00000196636,ENSG00000196636.8,ENST00000489852,ENST00000489852.1,SDHAF3
ENSG00000196636,ENSG00000196636.8,ENST00000360382,ENST00000360382.4,SDHAF3
ENSG00000163644,ENSG00000163644.15,ENST00000608933,ENST00000608933.6,PPM1K
ENSG00000163644,ENSG00000163644.15,ENST00000295908,ENST00000295908.11,PPM1K
ENSG00000163644,ENSG00000163644.15,ENST00000508256,ENST00000508256.5,PPM1K
ENSG00000163644,ENSG00000163644.15,ENST00000510548,ENST00000510548.6,PPM1K
ENSG00000163644,ENSG00000163644.15,ENST00000506423,ENST00000506423.1,PPM1K
ENSG00000163644,ENSG00000163644.15,ENST00000514204,ENST00000514204.1,PPM1K
ENSG00000246375,ENSG00000246375.3,ENST00000500009,ENST00000500009.3,PPM1K-DT
ENSG00000246375,ENSG00000246375.3,ENST00000661338,ENST00000661338.1,PPM1K-DT
ENSG00000246375,ENSG00000246375.3,ENST00000652965,ENST00000652965.1,PPM1K-DT
ENSG00000246375,ENSG00000246375.3,ENST00000661337,ENST00000661337.1,PPM1K-DT
ENSG00000280311,ENSG00000280311.1,ENST00000623606,ENST00000623606.1,AC131212.4
ENSG00000286375,ENSG00000286375.1,ENST00000667253,ENST00000667253.1,AL512590.3
ENSG00000137959,ENSG00000137959.16,ENST00000452835,ENST00000452835.1,IFI44L
ENSG00000137959,ENSG00000137959.16,ENST00000476521,ENST00000476521.5,IFI44L
ENSG00000137959,ENSG00000137959.16,ENST00000370751,ENST00000370751.10,IFI44L
ENSG00000137959,ENSG00000137959.16,ENST00000459784,ENST00000459784.5,IFI44L
ENSG00000137959,ENSG00000137959.16,ENST00000476876,ENST00000476876.5,IFI44L
ENSG00000196116,ENSG00000196116.8,ENST00000355295,ENST00000355295.5,TDRD7
ENSG00000240065,ENSG00000240065.8,ENST00000464863,ENST00000464863.1,PSMB9
ENSG00000240065,ENSG00000240065.8,ENST00000374859,ENST00000374859.3,PSMB9
ENSG00000185885,ENSG00000185885.16,ENST00000528780,ENST00000528780.5,IFITM1
ENSG00000185885,ENSG00000185885.16,ENST00000328221,ENST00000328221.5,IFITM1
ENSG00000185885,ENSG00000185885.16,ENST00000408968,ENST00000408968.4,IFITM1
ENSG00000185885,ENSG00000185885.16,ENST00000525554,ENST00000525554.1,IFITM1
ENSG00000142089,ENSG00000142089.16,ENST00000399808,ENST00000399808.5,IFITM3
ENSG00000142089,ENSG00000142089.16,ENST00000531688,ENST00000531688.1,IFITM3
ENSG00000142089,ENSG00000142089.16,ENST00000526811,ENST00000526811.4,IFITM3
ENSG00000168394,ENSG00000168394.11,ENST00000354258,ENST00000354258.4,TAP1
ENSG00000168394,ENSG00000168394.11,ENST00000643049,ENST00000643049.1,TAP1
ENSG00000172927,ENSG00000172927.8,ENST00000544781,ENST00000544781.5,MYEOV
ENSG00000138642,ENSG00000138642.15,ENST00000264346,ENST00000264346.12,HERC6
ENSG00000138642,ENSG00000138642.15,ENST00000504905,ENST00000504905.5,HERC6
ENSG00000138642,ENSG00000138642.15,ENST00000506714,ENST00000506714.5,HERC6
ENSG00000138642,ENSG00000138642.15,ENST00000502870,ENST00000502870.1,HERC6
ENSG00000269944,ENSG00000269944.1,ENST00000602598,ENST00000602598.1,AP001267.4
ENSG00000186001,ENSG00000186001.14,ENST00000461674,ENST00000461674.5,LRCH3
ENSG00000186001,ENSG00000186001.14,ENST00000452660,ENST00000452660.5,LRCH3
ENSG00000186001,ENSG00000186001.14,ENST00000433298,ENST00000433298.5,LRCH3
ENSG00000136715,ENSG00000136715.18,ENST00000643581,ENST00000643581.1,SAP130
ENSG00000136715,ENSG00000136715.18,ENST00000259234,ENST00000259234.10,SAP130
ENSG00000136715,ENSG00000136715.18,ENST00000450957,ENST00000450957.1,SAP130
ENSG00000132109,ENSG00000132109.10,ENST00000254436,ENST00000254436.8,TRIM21
ENSG00000225101,ENSG00000225101.6,ENST00000641797,ENST00000641797.2,OR52K3P
ENSG00000168062,ENSG00000168062.10,ENST00000301887,ENST00000301887.9,BATF2
ENSG00000168062,ENSG00000168062.10,ENST00000534177,ENST00000534177.1,BATF2
ENSG00000189167,ENSG00000189167.12,ENST00000533490,ENST00000533490.7,ZAR1L
ENSG00000139618,ENSG00000139618.15,ENST00000380152,ENST00000380152.7,BRCA2
ENSG00000139618,ENSG00000139618.15,ENST00000530893,ENST00000530893.6,BRCA2
ENSG00000139618,ENSG00000139618.15,ENST00000670614,ENST00000670614.1,BRCA2
ENSG00000139618,ENSG00000139618.15,ENST00000614259,ENST00000614259.1,BRCA2
ENSG00000139618,ENSG00000139618.15,ENST00000544455,ENST00000544455.5,BRCA2
ENSG00000076108,ENSG00000076108.11,ENST00000379441,ENST00000379441.7,BAZ2A
ENSG00000076108,ENSG00000076108.11,ENST00000551812,ENST00000551812.5,BAZ2A
ENSG00000076108,ENSG00000076108.11,ENST00000550730,ENST00000550730.1,BAZ2A
ENSG00000232884,ENSG00000232884.9,ENST00000660772,ENST00000660772.1,AF127936.1
ENSG00000232884,ENSG00000232884.9,ENST00000660333,ENST00000660333.1,AF127936.1
ENSG00000232884,ENSG00000232884.9,ENST00000665066,ENST00000665066.1,AF127936.1
ENSG00000232884,ENSG00000232884.9,ENST00000670675,ENST00000670675.1,AF127936.1
ENSG00000232884,ENSG00000232884.9,ENST00000454128,ENST00000454128.3,AF127936.1
ENSG00000232884,ENSG00000232884.9,ENST00000654377,ENST00000654377.1,AF127936.1
ENSG00000232884,ENSG00000232884.9,ENST00000455253,ENST00000455253.6,AF127936.1
ENSG00000232884,ENSG00000232884.9,ENST00000658213,ENST00000658213.1,AF127936.1
ENSG00000232884,ENSG00000232884.9,ENST00000655631,ENST00000655631.1,AF127936.1
ENSG00000232884,ENSG00000232884.9,ENST00000661285,ENST00000661285.1,AF127936.1
ENSG00000281005,ENSG00000281005.1,ENST00000573951,ENST00000573951.1,LINC00921
ENSG00000281005,ENSG00000281005.1,ENST00000572123,ENST00000572123.4,LINC00921
ENSG00000180530,ENSG00000180530.11,ENST00000638122,ENST00000638122.1,NRIP1
ENSG00000180530,ENSG00000180530.11,ENST00000637963,ENST00000637963.1,NRIP1
ENSG00000180530,ENSG00000180530.11,ENST00000637630,ENST00000637630.1,NRIP1
ENSG00000006194,ENSG00000006194.10,ENST00000538765,ENST00000538765.2,ZNF263
ENSG00000106479,ENSG00000106479.11,ENST00000478024,ENST00000478024.1,ZNF862
ENSG00000277511,ENSG00000277511.1,ENST00000613639,ENST00000613639.1,AC116407.2
ENSG00000137337,ENSG00000137337.15,ENST00000376406,ENST00000376406.8,MDC1
ENSG00000137337,ENSG00000137337.15,ENST00000416571,ENST00000416571.5,MDC1
ENSG00000137337,ENSG00000137337.15,ENST00000425072,ENST00000425072.5,MDC1
ENSG00000137337,ENSG00000137337.15,ENST00000422266,ENST00000422266.1,MDC1
ENSG00000137337,ENSG00000137337.15,ENST00000613547,ENST00000613547.4,MDC1
ENSG00000129226,ENSG00000129226.14,ENST00000250092,ENST00000250092.11,CD68
ENSG00000129226,ENSG00000129226.14,ENST00000380498,ENST00000380498.10,CD68
ENSG00000129226,ENSG00000129226.14,ENST00000584502,ENST00000584502.1,CD68
ENSG00000223722,ENSG00000223722.3,ENST00000453713,ENST00000453713.1,IFITM3P2
ENSG00000097021,ENSG00000097021.19,ENST00000377842,ENST00000377842.7,ACOT7
ENSG00000136514,ENSG00000136514.3,ENST00000259030,ENST00000259030.3,RTP4
ENSG00000059378,ENSG00000059378.13,ENST00000473341,ENST00000473341.5,PARP12
ENSG00000059378,ENSG00000059378.13,ENST00000467638,ENST00000467638.1,PARP12
ENSG00000105939,ENSG00000105939.13,ENST00000242351,ENST00000242351.10,ZC3HAV1
ENSG00000105939,ENSG00000105939.13,ENST00000464606,ENST00000464606.5,ZC3HAV1
ENSG00000105939,ENSG00000105939.13,ENST00000471652,ENST00000471652.1,ZC3HAV1
ENSG00000250106,ENSG00000250106.1,ENST00000506304,ENST00000506304.1,ANKRD33B-AS1
ENSG00000278828,ENSG00000278828.1,ENST00000369163,ENST00000369163.3,H3C10
ENSG00000174021,ENSG00000174021.11,ENST00000370645,ENST00000370645.9,GNG5
ENSG00000174021,ENSG00000174021.11,ENST00000370641,ENST00000370641.3,GNG5
ENSG00000122432,ENSG00000122432.18,ENST00000484939,ENST00000484939.1,SPATA1
ENSG00000122432,ENSG00000122432.18,ENST00000468437,ENST00000468437.1,SPATA1
ENSG00000122432,ENSG00000122432.18,ENST00000490879,ENST00000490879.8,SPATA1
ENSG00000283542,ENSG00000283542.1,ENST00000637836,ENST00000637836.1,OASL2P
ENSG00000111802,ENSG00000111802.14,ENST00000378198,ENST00000378198.9,TDP2
ENSG00000111802,ENSG00000111802.14,ENST00000341060,ENST00000341060.3,TDP2
ENSG00000111802,ENSG00000111802.14,ENST00000478507,ENST00000478507.1,TDP2
ENSG00000111802,ENSG00000111802.14,ENST00000480495,ENST00000480495.1,TDP2
ENSG00000258659,ENSG00000258659.6,ENST00000429814,ENST00000429814.2,TRIM34
ENSG00000180198,ENSG00000180198.16,ENST00000649185,ENST00000649185.1,RCC1
ENSG00000180198,ENSG00000180198.16,ENST00000427469,ENST00000427469.5,RCC1
ENSG00000180198,ENSG00000180198.16,ENST00000434290,ENST00000434290.6,RCC1
ENSG00000180198,ENSG00000180198.16,ENST00000373833,ENST00000373833.10,RCC1
ENSG00000180198,ENSG00000180198.16,ENST00000398958,ENST00000398958.6,RCC1
ENSG00000132274,ENSG00000132274.16,ENST00000379965,ENST00000379965.8,TRIM22
ENSG00000132274,ENSG00000132274.16,ENST00000425490,ENST00000425490.5,TRIM22
ENSG00000132274,ENSG00000132274.16,ENST00000460454,ENST00000460454.1,TRIM22
ENSG00000132274,ENSG00000132274.16,ENST00000454828,ENST00000454828.5,TRIM22
ENSG00000121236,ENSG00000121236.21,ENST00000380107,ENST00000380107.5,TRIM6
ENSG00000121236,ENSG00000121236.21,ENST00000511284,ENST00000511284.5,TRIM6
ENSG00000121236,ENSG00000121236.21,ENST00000380097,ENST00000380097.8,TRIM6
ENSG00000121236,ENSG00000121236.21,ENST00000445329,ENST00000445329.5,TRIM6
ENSG00000121236,ENSG00000121236.21,ENST00000515022,ENST00000515022.5,TRIM6
ENSG00000121236,ENSG00000121236.21,ENST00000506134,ENST00000506134.5,TRIM6
ENSG00000242125,ENSG00000242125.3,ENST00000413987,ENST00000413987.1,SNHG3
ENSG00000242125,ENSG00000242125.3,ENST00000447507,ENST00000447507.1,SNHG3
ENSG00000242125,ENSG00000242125.3,ENST00000437681,ENST00000437681.1,SNHG3
ENSG00000239920,ENSG00000239920.2,ENST00000394793,ENST00000394793.3,AC104389.5
ENSG00000258588,ENSG00000258588.3,ENST00000354852,ENST00000354852.5,TRIM6-TRIM34
ENSG00000114450,ENSG00000114450.10,ENST00000232564,ENST00000232564.8,GNB4
ENSG00000114450,ENSG00000114450.10,ENST00000468623,ENST00000468623.5,GNB4
ENSG00000114450,ENSG00000114450.10,ENST00000497513,ENST00000497513.1,GNB4
ENSG00000132256,ENSG00000132256.19,ENST00000380034,ENST00000380034.8,TRIM5
ENSG00000132256,ENSG00000132256.19,ENST00000396847,ENST00000396847.7,TRIM5
ENSG00000132256,ENSG00000132256.19,ENST00000419850,ENST00000419850.1,TRIM5
ENSG00000184486,ENSG00000184486.10,ENST00000328345,ENST00000328345.8,POU3F2
ENSG00000112304,ENSG00000112304.11,ENST00000230048,ENST00000230048.5,ACOT13
ENSG00000112304,ENSG00000112304.11,ENST00000537591,ENST00000537591.5,ACOT13
ENSG00000224164,ENSG00000224164.2,ENST00000665572,ENST00000665572.1,LINC02828
ENSG00000224164,ENSG00000224164.2,ENST00000668439,ENST00000668439.1,LINC02828
ENSG00000164898,ENSG00000164898.13,ENST00000481123,ENST00000481123.1,FMC1
ENSG00000164898,ENSG00000164898.13,ENST00000482181,ENST00000482181.1,FMC1
ENSG00000164898,ENSG00000164898.13,ENST00000488886,ENST00000488886.1,FMC1
ENSG00000164898,ENSG00000164898.13,ENST00000297534,ENST00000297534.7,FMC1
ENSG00000269955,ENSG00000269955.2,ENST00000541515,ENST00000541515.3,FMC1-LUC7L2
ENSG00000146963,ENSG00000146963.18,ENST00000541170,ENST00000541170.7,LUC7L2
ENSG00000000457,ENSG00000000457.14,ENST00000367771,ENST00000367771.11,SCYL3
ENSG00000000457,ENSG00000000457.14,ENST00000423670,ENST00000423670.1,SCYL3
ENSG00000000457,ENSG00000000457.14,ENST00000470238,ENST00000470238.1,SCYL3
ENSG00000000457,ENSG00000000457.14,ENST00000367772,ENST00000367772.8,SCYL3
ENSG00000130813,ENSG00000130813.18,ENST00000592551,ENST00000592551.5,SHFL
ENSG00000130813,ENSG00000130813.18,ENST00000253110,ENST00000253110.16,SHFL
ENSG00000130813,ENSG00000130813.18,ENST00000585919,ENST00000585919.5,SHFL
ENSG00000130813,ENSG00000130813.18,ENST00000591813,ENST00000591813.5,SHFL
ENSG00000130813,ENSG00000130813.18,ENST00000587710,ENST00000587710.5,SHFL
ENSG00000130813,ENSG00000130813.18,ENST00000590378,ENST00000590378.5,SHFL
ENSG00000008130,ENSG00000008130.15,ENST00000341426,ENST00000341426.9,NADK
ENSG00000008130,ENSG00000008130.15,ENST00000341991,ENST00000341991.7,NADK
