SOURCE,TARGET,CTRL,STIM,CTRL_MAG,STIM_MAG
NR3C1,GLUL,0.3125342933344655,0.014606518670916557,0.3125342933344655,0.014606518670916557
NR3C1,CCR5,-0.33189300540834665,-0.1254247676115483,0.33189300540834665,0.1254247676115483
NR3C1,CISD2,-0.3216154742985964,0.23069891706109047,0.3216154742985964,0.23069891706109047
NR3C1,NR3C1,0.9987809285521507,0.9975698441267014,0.9987809285521507,0.9975698441267014
NR3C1,EZR,0.4292266401462257,-0.15141628007404506,0.4292266401462257,0.15141628007404506
NR3C1,GSTK1,0.3057052744552493,0.032179709523916245,0.3057052744552493,0.032179709523916245
NR3C1,HNRNPH2,0.3241903558373451,-0.034164824988693,0.3241903558373451,0.034164824988693
NR3C1,TLN1,-0.37372163822874427,-0.19763675204012543,0.37372163822874427,0.19763675204012543
NR3C1,AAED1,-0.30969708831980824,-0.13413128070533276,0.30969708831980824,0.13413128070533276
NR3C1,RPL7A,0.31804749090224504,0.12143182288855314,0.31804749090224504,0.12143182288855314
NR3C1,TMBIM6,0.32736516324803233,0.030271321651525795,0.32736516324803233,0.030271321651525795
NR3C1,LACC1,-0.32910759933292866,-0.0010786436032503843,0.32910759933292866,0.0010786436032503843
NR3C1,NEDD8,0.32721345516620204,-0.15599604696035385,0.32721345516620204,0.15599604696035385
NR3C1,PSMA4,-0.32769676111638546,-0.18285921961069107,0.32769676111638546,0.18285921961069107
NR3C1,PSMD7,-0.3901145039126277,0.2480847453698516,0.3901145039126277,0.2480847453698516
NR3C1,SLC16A3,-0.307039197999984,-0.16461401607375592,0.307039197999984,0.16461401607375592
NR3C1,EMILIN2,-0.5305706285871565,-0.04930987430270761,0.5305706285871565,0.04930987430270761
HBP1,SSU72,-0.31843677442520857,-0.12219764129258692,0.31843677442520857,0.12219764129258692
HBP1,LAMTOR5,-0.36977262794971466,-0.08324211509898305,0.36977262794971466,0.08324211509898305
HBP1,XRCC5,-0.3213080819696188,-0.07269510230980814,0.3213080819696188,0.07269510230980814
HBP1,SELT,-0.3452761843800545,0.004735096474178135,0.3452761843800545,0.004735096474178135
HBP1,ATP5J2,-0.3197948122397065,-0.10203173384070396,0.3197948122397065,0.10203173384070396
HBP1,HBP1,0.9981979504227638,0.9981825426220894,0.9981979504227638,0.9981825426220894
HBP1,STIP1,0.30101538076996803,-0.02225437667220831,0.30101538076996803,0.02225437667220831
HBP1,SAP18,-0.3184388168156147,0.04068887000903487,0.3184388168156147,0.04068887000903487
HBP1,PSMA6,-0.3537244196049869,-0.16074809432029724,0.3537244196049869,0.16074809432029724
HBP1,PSEN1,0.3326334925368428,0.02063990943133831,0.3326334925368428,0.02063990943133831
HBP1,KARS,-0.3014904912561178,-0.11613879562355578,0.3014904912561178,0.11613879562355578
HBP1,SNF8,-0.3053890089504421,-0.245128330308944,0.3053890089504421,0.245128330308944
HBP1,SNAP29,-0.3022075239568949,0.10229891516792122,0.3022075239568949,0.10229891516792122
NFKB1,RPL37A,-0.3192537743598223,0.05989687901455909,0.3192537743598223,0.05989687901455909
NFKB1,UBE2F,-0.31092188507318497,-0.2253539771772921,0.31092188507318497,0.2253539771772921
NFKB1,CCR5,-0.3021646961569786,-0.10573001578450203,0.3021646961569786,0.10573001578450203
NFKB1,ATG3,-0.42196263931691647,-0.17099529458209872,0.42196263931691647,0.17099529458209872
NFKB1,WDR1,0.30065077170729637,-0.35044050216674805,0.30065077170729637,0.35044050216674805
NFKB1,NFKB1,0.8735631927847862,0.9985084980726242,0.8735631927847862,0.9985084980726242
NFKB1,RPL37,0.37517497688531876,0.1310736844316125,0.37517497688531876,0.1310736844316125
NFKB1,SRI,-0.31072581370244734,-0.08738836646080017,0.31072581370244734,0.08738836646080017
NFKB1,HPRT1,-0.32463515596464276,0.09957260265946388,0.32463515596464276,0.09957260265946388
NFKB1,NANS,-0.36950941756367683,-0.010179910401348025,0.36950941756367683,0.010179910401348025
NFKB1,VPS26A,-0.30287019023671746,-0.11753398785367608,0.30287019023671746,0.11753398785367608
NFKB1,COX8A,-0.30480746552348137,0.0709827593236696,0.30480746552348137,0.0709827593236696
NFKB1,ARPC3,-0.30808791797608137,0.03368064435198903,0.30808791797608137,0.03368064435198903
NFKB1,SPNS1,-0.30181208811700344,-0.1738640647381544,0.30181208811700344,0.1738640647381544
NFKB1,GABARAPL2,0.3210538229905069,0.047756779938936234,0.3210538229905069,0.047756779938936234
NFKB1,STAT3,0.3147687357850373,-0.3116692267358303,0.3147687357850373,0.3116692267358303
NFKB1,MYO1F,-0.37505530565977097,-0.1258747996762395,0.37505530565977097,0.1258747996762395
MAX,MOB4,0.30032690800726414,-0.04184457287192345,0.30032690800726414,0.04184457287192345
MAX,SGTB,0.3233830686658621,-0.05403378795017488,0.3233830686658621,0.05403378795017488
MAX,BLOC1S1,-0.33904906176030636,0.0259352158755064,0.33904906176030636,0.0259352158755064
MAX,LINC00936,-0.3013614108785987,-0.07905246503651142,0.3013614108785987,0.07905246503651142
MAX,SLC25A3,0.4289560541510582,0.02313095796853304,0.4289560541510582,0.02313095796853304
MAX,MAX,0.8737844154238701,0.9983338192105293,0.8737844154238701,0.9983338192105293
MAX,KARS,0.3264188300818205,-0.06761873420327902,0.3264188300818205,0.06761873420327902
MAX,FBXO7,0.30740490928292274,0.011671307496726513,0.30740490928292274,0.011671307496726513
CEBPB,HNRNPA3,0.30478241946548223,-0.012450739741325378,0.30478241946548223,0.012450739741325378
CEBPB,RPL23,-0.3496144558303058,0.04708828590810299,0.3496144558303058,0.04708828590810299
CEBPB,TMEM230,0.36140083661302924,-0.01403032592497766,0.36140083661302924,0.01403032592497766
CEBPB,CEBPB,0.998069703578949,0.9983324036002159,0.998069703578949,0.9983324036002159
SPI1,NPL,-0.315305320546031,-0.17491528764367104,0.315305320546031,0.17491528764367104
SPI1,ITGB1BP1,-0.3664367198944092,-0.18841314339078963,0.3664367198944092,0.18841314339078963
SPI1,DGUOK,0.36215044744312763,-0.1395985335111618,0.36215044744312763,0.1395985335111618
SPI1,PLEKHB2,-0.3443915043026209,-0.021170536521822214,0.3443915043026209,0.021170536521822214
SPI1,HNRNPA3,-0.33685419242829084,-0.039037188747897744,0.33685419242829084,0.039037188747897744
SPI1,BTF3,0.34625105932354927,0.20996673498302698,0.34625105932354927,0.20996673498302698
SPI1,GLA,-0.3274394553154707,0.034703479148447514,0.3274394553154707,0.034703479148447514
SPI1,ZFAND5,0.4065154669806361,-0.02169058844447136,0.4065154669806361,0.02169058844447136
SPI1,SPI1,0.8713139668107033,0.9964343681931496,0.8713139668107033,0.9964343681931496
SPI1,ALDH2,0.30298179876990616,0.08688320964574814,0.30298179876990616,0.08688320964574814
SPI1,RSRC2,-0.30193788604810834,-0.03296143561601639,0.30193788604810834,0.03296143561601639
SPI1,RAB20,-0.3388923527672887,-0.33355927048251033,0.3388923527672887,0.33355927048251033
SPI1,SLC16A3,0.3450184459798038,0.06391118140891194,0.3450184459798038,0.06391118140891194
SPI1,ASNA1,0.3004077593795955,0.07795373629778624,0.3004077593795955,0.07795373629778624
GTF2B,TNFRSF1B,-0.37268622405827045,-0.02622460969723761,0.37268622405827045,0.02622460969723761
GTF2B,UQCRH,-0.3036723928526044,-0.0040935613214969635,0.3036723928526044,0.0040935613214969635
GTF2B,NRD1,-0.31879635370569304,0.01885191723704338,0.31879635370569304,0.01885191723704338
GTF2B,GTF2B,0.9982224628329277,0.9986964240670204,0.9982224628329277,0.9986964240670204
GTF2B,TMCO1,-0.3614134037634358,0.3006800226867199,0.3614134037634358,0.3006800226867199
GTF2B,LARP7,-0.30449162574950606,-0.12062958348542452,0.30449162574950606,0.12062958348542452
GTF2B,GNB2L1,0.3074222612194717,0.11239117151126266,0.3074222612194717,0.11239117151126266
GTF2B,CDKN1A,-0.37134240195155144,0.09557698760181665,0.37134240195155144,0.09557698760181665
GTF2B,EPC1,-0.3439975120127201,-0.09056221507489681,0.3439975120127201,0.09056221507489681
GTF2B,TMEM179B,-0.31319373566657305,-0.05121075047645718,0.31319373566657305,0.05121075047645718
GTF2B,FIBP,-0.4080928320181556,0.05942204943858087,0.4080928320181556,0.05942204943858087
GTF2B,RDX,-0.3784367935732007,-0.021256992360576987,0.3784367935732007,0.021256992360576987
GTF2B,RPS26,0.327096585649997,-0.10401313821785152,0.327096585649997,0.10401313821785152
GTF2B,PTGES3,-0.3852772244717926,0.16211975272744894,0.3852772244717926,0.16211975272744894
GTF2B,HMGB1,0.304425863083452,-0.1874576152767986,0.304425863083452,0.1874576152767986
GTF2B,ARGLU1,-0.3194637775886804,-0.12923305470030755,0.3194637775886804,0.12923305470030755
GTF2B,GMFB,0.32019585301168263,0.0984349213540554,0.32019585301168263,0.0984349213540554
GTF2B,ACTR10,0.322566919028759,0.0006998752942308784,0.322566919028759,0.0006998752942308784
GTF2B,ARPP19,-0.4666114313295111,-0.15550737082958221,0.4666114313295111,0.15550737082958221
GTF2B,CHD2,-0.30741800903342664,0.05854199454188347,0.30741800903342664,0.05854199454188347
GTF2B,ZNF267,0.33490010909736156,0.2304563084617257,0.33490010909736156,0.2304563084617257
GTF2B,PSMD7,0.3984518274664879,-0.33718985691666603,0.3984518274664879,0.33718985691666603
GTF2B,TERF2IP,0.39964316925033927,0.03873781859874725,0.39964316925033927,0.03873781859874725
GTF2B,GRB2,0.3459169566631317,-0.08227332856040448,0.3459169566631317,0.08227332856040448
GTF2B,RGS19,-0.32438772008754313,-0.15457529667764902,0.32438772008754313,0.15457529667764902
GTF2B,PSMC4,-0.4530571480281651,0.04157248139381409,0.4530571480281651,0.04157248139381409
ZNF655,AGTRAP,-0.33088845666497946,-0.10061512514948845,0.33088845666497946,0.10061512514948845
ZNF655,KHDRBS1,-0.3038179255090654,-0.004722377751022577,0.3038179255090654,0.004722377751022577
ZNF655,LAMTOR5,-0.3683420866727829,-0.08197627775371075,0.3683420866727829,0.08197627775371075
ZNF655,HAX1,-0.3332262299954891,0.012453599832952023,0.3332262299954891,0.012453599832952023
ZNF655,SS18L2,-0.3042848340701312,0.029930444434285164,0.3042848340701312,0.029930444434285164
ZNF655,NDUFB5,-0.32984496653079987,0.10880199912935495,0.32984496653079987,0.10880199912935495
ZNF655,PAK2,-0.303137443959713,-0.12098161783069372,0.303137443959713,0.12098161783069372
ZNF655,COMMD8,-0.310928363353014,-0.03627972863614559,0.310928363353014,0.03627972863614559
ZNF655,TMEM165,-0.3966384418308735,-0.0982604417949915,0.3966384418308735,0.0982604417949915
ZNF655,C4orf3,0.3208060245960951,-0.004504047561567859,0.3208060245960951,0.004504047561567859
ZNF655,SRP19,-0.3179954010993242,-0.04376954957842827,0.3179954010993242,0.04376954957842827
ZNF655,ZNF655,0.8731422424316406,0.8739202097058296,0.8731422424316406,0.8739202097058296
ZNF655,SH3BGRL,-0.3113057017326355,-0.07767536444589496,0.3113057017326355,0.07767536444589496
ZNF655,YWHAZ,-0.35861080838367343,-0.0432799782447546,0.35861080838367343,0.0432799782447546
ZNF655,UBE2N,-0.30954787181690335,-0.11035348009318113,0.30954787181690335,0.11035348009318113
ZNF655,PSMA6,-0.40059274807572365,-0.13860085979104042,0.40059274807572365,0.13860085979104042
ZNF655,CHURC1,-0.319032846018672,0.16440424183383584,0.319032846018672,0.16440424183383584
ZNF655,VPS35,-0.3976365886628628,0.14725712779909372,0.3976365886628628,0.14725712779909372
ZNF655,APRT,-0.3173701763153076,0.07095396402291954,0.3173701763153076,0.07095396402291954
ZNF655,EIF1,0.38947213627398014,-0.08932629693299532,0.38947213627398014,0.08932629693299532
ZNF655,STAT3,0.3269524574279785,-0.18543047457933426,0.3269524574279785,0.18543047457933426
ZNF655,ATP5H,-0.3404618303757161,-0.05752700171433389,0.3404618303757161,0.05752700171433389
ZNF655,MYL12B,0.37087233550846577,-0.09630153561010957,0.37087233550846577,0.09630153561010957
ZNF655,RPS28,0.3002499835565686,-0.10665612760931253,0.3002499835565686,0.10665612760931253
ZNF655,WDR83OS,-0.3136168494820595,0.17664341814815998,0.3136168494820595,0.17664341814815998
ZNF655,IFI30,0.30575698614120483,0.15270429919473827,0.30575698614120483,0.15270429919473827
FOS,C9orf78,0.39719915110617876,0.007649639621376991,0.39719915110617876,0.007649639621376991
FOS,VDAC2,-0.4207641379907727,-0.1163552226498723,0.4207641379907727,0.1163552226498723
FOS,FOS,0.9986310601234436,0.9989620074629784,0.9986310601234436,0.9989620074629784
FOS,U2AF1,-0.3029194325208664,-0.005281627469230443,0.3029194325208664,0.005281627469230443
JUN,JUN,0.9985588788986206,0.9985728412866592,0.9985588788986206,0.9985728412866592
JUN,MOB4,-0.33930505253374577,-0.100925556384027,0.33930505253374577,0.100925556384027
JUN,CYB5R4,0.31618090759729967,0.14180238428525627,0.31618090759729967,0.14180238428525627
JUN,SHFM1,-0.4530470883473754,-0.13450696505606174,0.4530470883473754,0.13450696505606174
JUN,SPCS2,-0.36827335925772786,-0.03597569215344265,0.36827335925772786,0.03597569215344265
STAT1,NRD1,-0.3075233241543174,0.08448035269975662,0.3075233241543174,0.08448035269975662
STAT1,GBP2,0.33440225408412516,0.23386430367827415,0.33440225408412516,0.23386430367827415
STAT1,STAT1,0.8739050775766373,0.8731994852423668,0.8739050775766373,0.8731994852423668
STAT1,COX7C,-0.30730372574180365,0.01115790638141334,0.30730372574180365,0.01115790638141334
STAT1,PPIA,0.34700262919068336,-0.06042777420952916,0.34700262919068336,0.06042777420952916
STAT1,TM2D2,-0.3610660694539547,0.021743600256741047,0.3610660694539547,0.021743600256741047
STAT1,TCEB1,0.306842315942049,-0.1515251360833645,0.306842315942049,0.1515251360833645
STAT1,EDF1,-0.30914037115871906,-0.0006027147173881531,0.30914037115871906,0.0006027147173881531
STAT1,ATP5L,0.41313876677304506,-0.0979608204215765,0.41313876677304506,0.0979608204215765
STAT1,TMEM208,0.3533465373329818,-0.15785764530301094,0.3533465373329818,0.15785764530301094
STAT1,SIRPA,-0.41966189816594124,-0.1084136413410306,0.41966189816594124,0.1084136413410306
STAT1,RBM39,0.3054003557190299,-0.15786207444034517,0.3054003557190299,0.15786207444034517
ATF4,RPL22,-0.3496788442134857,-0.02399234054610133,0.3496788442134857,0.02399234054610133
ATF4,PGD,-0.3248149463906884,0.10270962584763765,0.3248149463906884,0.10270962584763765
ATF4,CAP1,-0.32982425298541784,-0.004585714545100927,0.32982425298541784,0.004585714545100927
ATF4,PRDX1,-0.3250771062448621,-0.17290718015283346,0.3250771062448621,0.17290718015283346
ATF4,UQCRH,-0.3004441743250936,-0.09717417927458882,0.3004441743250936,0.09717417927458882
ATF4,RHOC,-0.3301588478498161,-0.08089841436594725,0.3301588478498161,0.08089841436594725
ATF4,PSMB4,-0.334122353233397,0.02892219554632902,0.334122353233397,0.02892219554632902
ATF4,LMNA,-0.34158187732100487,-0.08821097575128078,0.34158187732100487,0.08821097575128078
ATF4,CCT3,-0.3052044417709112,-0.09485940961167216,0.3052044417709112,0.09485940961167216
ATF4,FCER1G,-0.3124415846541524,-0.06089385220548138,0.3124415846541524,0.06089385220548138
ATF4,SRP9,-0.33297676034271717,-0.14936998952180147,0.33297676034271717,0.14936998952180147
ATF4,PPP1CB,-0.3320580030558631,-0.0678274359088391,0.3320580030558631,0.0678274359088391
ATF4,UGP2,0.30526380660012364,-0.06651915702968836,0.30526380660012364,0.06651915702968836
ATF4,ANXA4,-0.34805805049836636,-0.25166426226496696,0.34805805049836636,0.25166426226496696
ATF4,RPL31,0.3363003097474575,0.17735904385335743,0.3363003097474575,0.17735904385335743
ATF4,UBE2E3,0.3286411860026419,-0.168980693211779,0.3286411860026419,0.168980693211779
ATF4,RPL37A,0.33761309273540974,0.2772890217602253,0.33761309273540974,0.2772890217602253
ATF4,ARPC2,-0.4305334356613457,-0.0590510779293254,0.4305334356613457,0.0590510779293254
ATF4,RPL32,0.4078812946099788,0.07681570394197479,0.4078812946099788,0.07681570394197479
ATF4,RPL15,0.3341146633028984,0.31026716250926256,0.3341146633028984,0.31026716250926256
ATF4,XRN1,-0.34602030739188194,0.13345934636890888,0.34602030739188194,0.13345934636890888
ATF4,RPL35A,0.3674638490192592,0.48880912363529205,0.3674638490192592,0.48880912363529205
ATF4,CISD2,-0.30962819140404463,-0.0728034907951951,0.30962819140404463,0.0728034907951951
ATF4,RPL34,0.39863073639571667,0.31736205762717873,0.39863073639571667,0.31736205762717873
ATF4,DDX60L,-0.3721905071288347,-0.14008818939328194,0.3721905071288347,0.14008818939328194
ATF4,CCT5,-0.3051540432497859,-0.016921501606702805,0.3051540432497859,0.016921501606702805
ATF4,BASP1,-0.32366655487567186,-0.2335601532831788,0.32366655487567186,0.2335601532831788
ATF4,SNX2,-0.3298578104004264,-0.22589103877544403,0.3298578104004264,0.22589103877544403
ATF4,HLA-A,0.38513866253197193,0.24245901801623404,0.38513866253197193,0.24245901801623404
ATF4,HLA-E,0.38145685475319624,0.22985486930701882,0.38145685475319624,0.22985486930701882
ATF4,FLOT1,0.32380174845457077,-0.044797100708819926,0.32380174845457077,0.044797100708819926
ATF4,HMGA1,0.32083332631736994,0.18776864279061556,0.32083332631736994,0.18776864279061556
ATF4,ACTB,-0.35382361989468336,-0.1594868586398661,0.35382361989468336,0.1594868586398661
ATF4,CPVL,-0.36357044614851475,-0.19849391095340252,0.36357044614851475,0.19849391095340252
ATF4,UPP1,0.46885633654892445,0.12618270330131054,0.46885633654892445,0.12618270330131054
ATF4,SHFM1,-0.30546407029032707,-0.01735554076731205,0.30546407029032707,0.01735554076731205
ATF4,BRI3,-0.3255703328177333,-0.04340537078678608,0.3255703328177333,0.04340537078678608
ATF4,TFEC,-0.3076772727072239,0.04060271382331848,0.3076772727072239,0.04060271382331848
ATF4,SAT1,0.414727246388793,0.24675323441624641,0.414727246388793,0.24675323441624641
ATF4,LYN,-0.4807718344964087,-0.004399728029966354,0.4807718344964087,0.004399728029966354
ATF4,EEF1D,0.31879725493490696,0.1758708357810974,0.31879725493490696,0.1758708357810974
ATF4,RAB18,-0.3426619376987219,-0.2128742344211787,0.3426619376987219,0.2128742344211787
ATF4,VPS26A,-0.37271104753017426,-0.1226604706607759,0.37271104753017426,0.1226604706607759
ATF4,DDIT4,0.32134901237441227,0.08260572259314358,0.32134901237441227,0.08260572259314358
ATF4,BUB3,-0.328059121966362,-0.05477909476030618,0.328059121966362,0.05477909476030618
ATF4,GLRX3,-0.3057052078656852,-0.07574792858213186,0.3057052078656852,0.07574792858213186
ATF4,PSMD13,-0.5345861986279488,-0.17232440412044525,0.5345861986279488,0.17232440412044525
ATF4,TALDO1,-0.36253086803480983,-0.2904332969337702,0.36253086803480983,0.2904332969337702
ATF4,UBXN1,0.4884793274104595,0.16554135270416737,0.4884793274104595,0.16554135270416737
ATF4,CFL1,-0.49815323017537594,-0.29808946000412107,0.49815323017537594,0.29808946000412107
ATF4,POLD4,0.3161633312702179,0.3440199140459299,0.3161633312702179,0.3440199140459299
ATF4,P2RY6,-0.31285514310002327,-0.2445421398151666,0.31285514310002327,0.2445421398151666
ATF4,EMP1,-0.3742928297724575,-0.19591770879924297,0.3742928297724575,0.19591770879924297
ATF4,MYL6,-0.38521364238113165,0.03833571048016893,0.38521364238113165,0.03833571048016893
ATF4,PTGES3,0.3291618302464485,0.0052068158984184265,0.3291618302464485,0.0052068158984184265
ATF4,OS9,0.30660267174243927,-0.16703992756083608,0.30660267174243927,0.16703992756083608
ATF4,LINC00936,0.3665854465216398,-0.004551356192678213,0.3665854465216398,0.004551356192678213
ATF4,UBE2N,-0.3276648744940758,-0.23627189232502133,0.3276648744940758,0.23627189232502133
ATF4,TXNRD1,-0.31208539102226496,-0.29151867236942053,0.31208539102226496,0.29151867236942053
ATF4,VPS29,-0.30950582353398204,-0.13014154648408294,0.30950582353398204,0.13014154648408294
ATF4,RPL21,0.4729698561131954,0.2147444598376751,0.4729698561131954,0.2147444598376751
ATF4,RCBTB2,-0.3367121000774205,-0.12605195736978203,0.3367121000774205,0.12605195736978203
ATF4,TM9SF2,-0.48036830872297287,-0.21014492958784103,0.48036830872297287,0.21014492958784103
ATF4,PSMA6,0.35995235200971365,0.21711918836990662,0.35995235200971365,0.21711918836990662
ATF4,NPC2,-0.30792644061148167,-0.004634955897927284,0.30792644061148167,0.004634955897927284
ATF4,AHSA1,-0.3009124007076025,-0.11319576296955347,0.3009124007076025,0.11319576296955347
ATF4,EIF5,0.34004706563428044,0.3186194119043648,0.34004706563428044,0.3186194119043648
ATF4,ANXA2,-0.5168551579117775,-0.25467846915125847,0.5168551579117775,0.25467846915125847
ATF4,RPL4,0.4082456799224019,0.10495908161101397,0.4082456799224019,0.10495908161101397
ATF4,RPLP1,0.329117676243186,0.3165900781750679,0.329117676243186,0.3165900781750679
ATF4,ISG20,0.3205309309414588,0.1324285613372922,0.3205309309414588,0.1324285613372922
ATF4,CIB1,0.38949252758175135,-0.060710636200383306,0.38949252758175135,0.060710636200383306
ATF4,RPS15A,0.36635505268350244,0.2316892723320052,0.36635505268350244,0.2316892723320052
ATF4,COTL1,0.30241846293210983,0.11867286812048405,0.30241846293210983,0.11867286812048405
ATF4,RPL26,0.33640475012362003,0.3868441879749298,0.33640475012362003,0.3868441879749298
ATF4,MAP2K3,0.3087987946346402,-0.2576141841709614,0.3087987946346402,0.2576141841709614
ATF4,PSMD11,-0.32692903256975114,-0.0516868697013706,0.32692903256975114,0.0516868697013706
ATF4,EIF1,0.30604507215321064,0.23943759337998927,0.30604507215321064,0.23943759337998927
ATF4,H3F3B,0.5016732696967665,0.09225320955738425,0.5016732696967665,0.09225320955738425
ATF4,CHMP1B,0.3363779541105032,0.13702112482860684,0.3363779541105032,0.13702112482860684
ATF4,ZFAS1,0.3133616764098406,0.4844211619347334,0.3133616764098406,0.4844211619347334
ATF4,CFD,-0.3889272687956691,-0.001603978220373392,0.3889272687956691,0.001603978220373392
ATF4,GPX4,0.4232519343495369,0.04418096458539367,0.4232519343495369,0.04418096458539367
ATF4,RPS15,0.3689170451252721,0.251758940750733,0.3689170451252721,0.251758940750733
ATF4,RPL36,0.46727269818075,0.2757018031552434,0.46727269818075,0.2757018031552434
ATF4,JUNB,0.3574206940829754,0.12226242199540138,0.3574206940829754,0.12226242199540138
ATF4,CALR,-0.36119351955130696,-0.28067813254892826,0.36119351955130696,0.28067813254892826
ATF4,IER2,0.3245855965651572,0.28507700376212597,0.3245855965651572,0.28507700376212597
ATF4,TPM4,-0.3004615558311343,-0.2479147957637906,0.3004615558311343,0.2479147957637906
ATF4,RAB8A,-0.37174477532244055,-0.07856094557791948,0.37174477532244055,0.07856094557791948
ATF4,RPS16,0.32392607629299164,0.35268126252049115,0.32392607629299164,0.35268126252049115
ATF4,SERTAD3,0.33139127120375633,0.1619772221893072,0.33139127120375633,0.1619772221893072
ATF4,RPL18,0.35867443308234215,0.22831063531339169,0.35867443308234215,0.22831063531339169
ATF4,FTL,-0.3255003746598959,-0.24680701456964016,0.3255003746598959,0.24680701456964016
ATF4,CD37,0.3317560818977654,0.12968900706619024,0.3317560818977654,0.12968900706619024
ATF4,RPL13A,0.33092446252703667,0.25137051567435265,0.33092446252703667,0.25137051567435265
ATF4,IL4I1,-0.3250208664685488,-0.30455031991004944,0.3250208664685488,0.30455031991004944
ATF4,ATF4,0.9977535605430603,0.8734869733452797,0.9977535605430603,0.8734869733452797
ATF4,DESI1,-0.3003659909591079,-0.013629900058731437,0.3003659909591079,0.013629900058731437
ATF4,HMGN1,0.3237830847501755,-0.042479900643229485,0.3237830847501755,0.042479900643229485
BBX,S100A11,-0.3102174298837781,0.14941483736038208,0.3102174298837781,0.14941483736038208
BBX,TAGLN2,-0.32243956421734765,0.19261673698201776,0.32243956421734765,0.19261673698201776
BBX,SUMO1,-0.3497746158391237,-0.01558397919870913,0.3497746158391237,0.01558397919870913
BBX,BBX,0.9986699298024178,0.9984565749764442,0.9986699298024178,0.9984565749764442
BBX,TRA2B,-0.32939149904996157,0.056399350985884666,0.32939149904996157,0.056399350985884666
BBX,OSTC,-0.3512618242530152,0.1240735100582242,0.3512618242530152,0.1240735100582242
BBX,TPMT,-0.30666428222320974,-0.11736102029681206,0.30666428222320974,0.11736102029681206
BBX,IFNGR1,0.308250367641449,-0.07540647336281836,0.308250367641449,0.07540647336281836
BBX,GK,-0.3146492838859558,0.06960332277230918,0.3146492838859558,0.06960332277230918
BBX,FERMT3,0.3836488835513592,-0.026065459940582514,0.3836488835513592,0.026065459940582514
BBX,ARF3,0.363366074860096,-0.04118110705167055,0.363366074860096,0.04118110705167055
BBX,ZNF207,-0.3987280949950218,0.05025640409439802,0.3987280949950218,0.05025640409439802
BBX,CTNNBL1,-0.3043351545929909,-0.13662311621010303,0.3043351545929909,0.13662311621010303
BBX,CYTH2,-0.32517051324248314,-0.1700090253725648,0.32517051324248314,0.1700090253725648
BBX,U2AF1,-0.3319724053144455,-0.02249768190085888,0.3319724053144455,0.02249768190085888
CREM,CHMP2B,-0.32055021077394485,-0.06226369284559041,0.32055021077394485,0.06226369284559041
CREM,NDUFB4,-0.3097653922159225,0.14111796161159873,0.3097653922159225,0.14111796161159873
CREM,NDUFC1,-0.3651822474785149,-0.04095050832256675,0.3651822474785149,0.04095050832256675
CREM,IL7R,0.3729011807590723,-0.029957240447402,0.3729011807590723,0.029957240447402
CREM,SRA1,0.35293021565303206,-0.11615320364944637,0.35293021565303206,0.11615320364944637
CREM,SQSTM1,0.3324054558761418,-0.06361034174915403,0.3324054558761418,0.06361034174915403
CREM,RAB32,-0.31694028357742354,-0.16882754862308502,0.31694028357742354,0.16882754862308502
CREM,NDUFB9,0.3047829691786319,-0.04292167420499027,0.3047829691786319,0.04292167420499027
CREM,CREM,0.9987245351076126,0.9985018894076347,0.9987245351076126,0.9985018894076347
CREM,STX5,0.3500701282173395,-0.07628380134701729,0.3500701282173395,0.07628380134701729
CREM,TIMM8B,-0.36312671937048435,-0.11608748510479927,0.36312671937048435,0.11608748510479927
CREM,LITAF,0.3278918662108481,0.04114649035909679,0.3278918662108481,0.04114649035909679
CREM,RBCK1,0.3408119163941592,-0.09748967760242522,0.3408119163941592,0.09748967760242522
CREM,RBM39,0.3314093963126652,0.2972380134742707,0.3314093963126652,0.2972380134742707
CREM,RNF114,0.31550785154104233,0.06936422258149832,0.31550785154104233,0.06936422258149832
CREM,HCST,-0.3540971602778882,0.020240220008417964,0.3540971602778882,0.020240220008417964
IRF7,ELOVL1,-0.37310647778213024,0.04798571695573628,0.37310647778213024,0.04798571695573628
IRF7,GBP2,0.3097754392947536,0.10781783983111382,0.3097754392947536,0.10781783983111382
IRF7,PFDN2,-0.4198006128426641,0.0017003752291202545,0.4198006128426641,0.0017003752291202545
IRF7,REL,-0.31112738233059645,0.07851603720337152,0.31112738233059645,0.07851603720337152
IRF7,PLEKHB2,-0.35130727104842663,-0.011929084779694676,0.35130727104842663,0.011929084779694676
IRF7,PLSCR1,0.30118203442543745,0.12966963811777532,0.30118203442543745,0.12966963811777532
IRF7,LAP3,0.3279608709271997,0.10305776540189981,0.3279608709271997,0.10305776540189981
IRF7,IRF1,0.35177798522636294,0.12209197552874684,0.35177798522636294,0.12209197552874684
IRF7,DDAH2,0.3401394390966743,0.17779804207384586,0.3401394390966743,0.17779804207384586
IRF7,CLIC1,0.32265104237012565,0.25956702651456,0.32265104237012565,0.25956702651456
IRF7,DYNLT1,0.4843680839985609,-0.0448728334158659,0.4843680839985609,0.0448728334158659
IRF7,TAX1BP1,0.3519840957596898,-0.1787814314593561,0.3519840957596898,0.1787814314593561
IRF7,TFEC,0.40954780019819736,0.010812832624651492,0.40954780019819736,0.010812832624651492
IRF7,SAT1,0.33157390775159,0.3008085205219686,0.33157390775159,0.3008085205219686
IRF7,GK,0.431717362254858,0.2667482793331146,0.431717362254858,0.2667482793331146
IRF7,GLRX3,-0.3971579587087035,-0.2015409516170621,0.3971579587087035,0.2015409516170621
IRF7,IRF7,0.9975103735923767,0.9960165172815323,0.9975103735923767,0.9960165172815323
IRF7,TMEM179B,0.35757914520218037,0.01242808299139142,0.35757914520218037,0.01242808299139142
IRF7,BLOC1S1,0.3243289878591895,-0.08926732558757067,0.3243289878591895,0.08926732558757067
IRF7,NAP1L1,0.3085078690201044,-0.08375798538327217,0.3085078690201044,0.08375798538327217
IRF7,UBE2N,-0.4114053789526224,-0.1011046702042222,0.4114053789526224,0.1011046702042222
IRF7,AHSA1,-0.3000260116532445,0.022580777760595083,0.3000260116532445,0.022580777760595083
IRF7,ISG20,0.3031418416649103,0.3408014755696058,0.3031418416649103,0.3408014755696058
IRF7,PSMB10,0.3003497482277453,-0.15463247150182724,0.3003497482277453,0.15463247150182724
IRF7,RPL27,-0.3189770436147228,0.11100333649665117,0.3189770436147228,0.11100333649665117
IRF7,APOBEC3A,0.40876297280192375,0.19241609051823616,0.40876297280192375,0.19241609051823616
MAFB,DUSP6,0.37294758204370737,0.14873901661485434,0.37294758204370737,0.14873901661485434
MAFB,SPPL2A,0.3101523742079735,0.14333775639533997,0.3101523742079735,0.14333775639533997
MAFB,RSL24D1,-0.30784135591238737,-0.04914221214130521,0.30784135591238737,0.04914221214130521
MAFB,MAFB,0.9983266294002533,0.9982935413718224,0.9983266294002533,0.9982935413718224
MAFB,RPL36,-0.35029117949306965,-0.21207395708188415,0.35029117949306965,0.21207395708188415
ETV6,SERBP1,-0.37186213582754135,0.028389585204422474,0.37186213582754135,0.028389585204422474
ETV6,TMCO1,0.33214823715388775,-0.0481546837836504,0.33214823715388775,0.0481546837836504
ETV6,LARP7,-0.34132207091897726,-0.03083435818552971,0.34132207091897726,0.03083435818552971
ETV6,RPL37,0.3465889375656843,-0.1319341342896223,0.3465889375656843,0.1319341342896223
ETV6,SNX2,-0.3251098282635212,0.29197379015386105,0.3251098282635212,0.29197379015386105
ETV6,SEC61G,-0.3351791212335229,-0.06118565512588248,0.3351791212335229,0.06118565512588248
ETV6,NDUFB2,-0.37544173561036587,0.01578216173220426,0.37544173561036587,0.01578216173220426
ETV6,MORF4L2,-0.3153985356912017,-0.10693397466093302,0.3153985356912017,0.10693397466093302
ETV6,HPRT1,-0.306590904481709,-0.1572293508797884,0.306590904481709,0.1572293508797884
ETV6,RPL12,0.30332283303141594,0.05303052393719554,0.30332283303141594,0.05303052393719554
ETV6,HNRNPF,-0.3942359797656536,0.11980556324124336,0.3942359797656536,0.11980556324124336
ETV6,RNH1,-0.3251647955039516,-0.06337516871280968,0.3251647955039516,0.06337516871280968
ETV6,ETV6,0.9979546070098877,0.9963591620326042,0.9979546070098877,0.9963591620326042
ETV6,HMGB1,-0.35314659122377634,-0.07461083168163896,0.35314659122377634,0.07461083168163896
ETV6,COMMD6,0.31201409455388784,-0.16317787114530802,0.31201409455388784,0.16317787114530802
ETV6,SNX6,0.30293283332139254,-0.39974431646987796,0.30293283332139254,0.39974431646987796
ETV6,NFKBIA,0.30456968070939183,-0.024010849883779883,0.30456968070939183,0.024010849883779883
ETV6,MAPK1IP1L,-0.3013705322518945,0.19877426698803902,0.3013705322518945,0.19877426698803902
ETV6,KTN1,-0.3092640901450068,-0.09001132613047957,0.3092640901450068,0.09001132613047957
ETV6,TMEM208,-0.3516281903721392,-0.010924667119979858,0.3516281903721392,0.010924667119979858
ETV6,KARS,-0.3244205894879997,0.022746363654732704,0.3244205894879997,0.022746363654732704
ETV6,TERF2IP,-0.3160285949707031,0.12823266140185297,0.3160285949707031,0.12823266140185297
ETV6,FMNL1,-0.31555257993750274,0.061475418508052826,0.31555257993750274,0.061475418508052826
ETV6,OAZ1,0.3042008951306343,0.1302547762170434,0.3042008951306343,0.1302547762170434
ETV6,CSTB,-0.3053171345964074,-0.21961012296378613,0.3053171345964074,0.21961012296378613
TGIF1,HCLS1,-0.306174558121711,-0.005820721387863159,0.306174558121711,0.005820721387863159
TGIF1,RNF13,0.32564228866249323,0.08031337708234787,0.32564228866249323,0.08031337708234787
TGIF1,TLN1,0.35298736253753304,-0.2434551347978413,0.35298736253753304,0.2434551347978413
TGIF1,POLR2L,-0.3052686429582536,-0.08752732910215855,0.3052686429582536,0.08752732910215855
TGIF1,ARHGDIB,-0.3217076390283182,0.009167837910354137,0.3217076390283182,0.009167837910354137
TGIF1,EIF5,0.32913072779774666,0.22453939053229988,0.32913072779774666,0.22453939053229988
TGIF1,SERF2,-0.35433107567951083,-0.31902811978943646,0.35433107567951083,0.31902811978943646
TGIF1,DNAJC7,0.30199666786938906,-0.3122475737472996,0.30199666786938906,0.3122475737472996
TGIF1,ATP5H,0.3167895935475826,0.16980728786438704,0.3167895935475826,0.16980728786438704
TGIF1,TGIF1,0.9984001591801643,0.9986670762300491,0.9984001591801643,0.9986670762300491
TGIF1,ADRM1,0.3461522487923503,-0.10970833688043058,0.3461522487923503,0.10970833688043058
TGIF1,TBCB,-0.336954376893118,-0.10306752566248178,0.336954376893118,0.10306752566248178
DDIT3,TXNDC12,-0.41886570397764444,-0.3146922439336777,0.41886570397764444,0.3146922439336777
DDIT3,LEPROT,-0.346285114181228,-0.0006950353854335845,0.346285114181228,0.0006950353854335845
DDIT3,PSMD4,0.393421558663249,-0.1327611841261387,0.393421558663249,0.1327611841261387
DDIT3,RIT1,-0.6078223995864391,-0.11441731196828187,0.6078223995864391,0.11441731196828187
DDIT3,PPP1CB,-0.3848946209582209,-0.012199810240417719,0.3848946209582209,0.012199810240417719
DDIT3,BRK1,-0.32196714263409376,0.024572885362431407,0.32196714263409376,0.024572885362431407
DDIT3,PLSCR1,0.31910367775708437,0.01015601959079504,0.31910367775708437,0.01015601959079504
DDIT3,PYURF,-0.3307920212391764,-0.19517191918566823,0.3307920212391764,0.19517191918566823
DDIT3,STK17A,-0.329750117380172,0.1420754010323435,0.329750117380172,0.1420754010323435
DDIT3,ARPC1A,-0.33537029195576906,-0.10367975383996964,0.33537029195576906,0.10367975383996964
DDIT3,ATP6AP2,-0.30871471017599106,-0.03165169106796384,0.30871471017599106,0.03165169106796384
DDIT3,EPC1,-0.3606457691639662,-0.08990064729005098,0.3606457691639662,0.08990064729005098
DDIT3,PCGF5,-0.3026930931955576,0.028637871939281467,0.3026930931955576,0.028637871939281467
DDIT3,BANF1,-0.33128788881003857,0.1697123246267438,0.33128788881003857,0.1697123246267438
DDIT3,PAK1,-0.37667128816246986,-0.054729130992200226,0.37667128816246986,0.054729130992200226
DDIT3,DDIT3,0.9981458708643913,0.9984110295772552,0.9981458708643913,0.9984110295772552
DDIT3,SNRNP35,-0.36371293291449547,-0.08408240508288145,0.36371293291449547,0.08408240508288145
DDIT3,POMP,-0.3474506866186857,-0.02962273731827736,0.3474506866186857,0.02962273731827736
DDIT3,HIF1A,-0.3025354326236993,0.10022491635754704,0.3025354326236993,0.10022491635754704
DDIT3,SNW1,-0.3661949159577489,-0.13480747025460005,0.3661949159577489,0.13480747025460005
DDIT3,TMEM208,-0.31849008053541183,-0.06254375446405902,0.31849008053541183,0.06254375446405902
DDIT3,SPAG7,-0.31936066527850926,-0.053004796616733074,0.31936066527850926,0.053004796616733074
DDIT3,PSMD11,-0.4228986799134873,0.03332682652398944,0.4228986799134873,0.03332682652398944
DDIT3,MRPL27,-0.31069658044725657,0.0096902696241159,0.31069658044725657,0.0096902696241159
DDIT3,C19orf43,-0.3735855342820287,0.056178793078288436,0.3735855342820287,0.056178793078288436
DDIT3,ATP5J,-0.37584569212049246,0.004630851559340954,0.37584569212049246,0.004630851559340954
DDIT3,IFNGR2,-0.31407894054427743,-0.02902852406259626,0.31407894054427743,0.02902852406259626
ELF1,PFDN2,0.3259636629372835,0.30182547913864255,0.3259636629372835,0.30182547913864255
ELF1,BRK1,-0.3243450475856662,0.11232392024248838,0.3243450475856662,0.11232392024248838
ELF1,G3BP2,-0.32958818320184946,-0.1044238330796361,0.32958818320184946,0.1044238330796361
ELF1,MPLKIP,-0.3616028393153101,0.02141774818301201,0.3616028393153101,0.02141774818301201
ELF1,NDUFA1,-0.3010184201411903,-0.037915640976279974,0.3010184201411903,0.037915640976279974
ELF1,PAK1,-0.3058828515931964,-0.043494125828146935,0.3058828515931964,0.043494125828146935
ELF1,ELF1,0.8735056072473526,0.8730991408228874,0.8735056072473526,0.8730991408228874
ELF1,ANAPC11,-0.3492855513468385,-0.10901062027551234,0.3492855513468385,0.10901062027551234
ELF1,HCST,-0.33108341228216887,0.2140837530605495,0.33108341228216887,0.2140837530605495
AHR,NRD1,-0.30598155595362186,0.057492840103805065,0.30598155595362186,0.057492840103805065
AHR,GNG5,-0.34536981768906116,0.012099459767341614,0.34536981768906116,0.012099459767341614
AHR,NDUFS2,-0.32283421978354454,-0.09048219863325357,0.32283421978354454,0.09048219863325357
AHR,TMCO1,-0.3798563495511189,-0.031724538654088974,0.3798563495511189,0.031724538654088974
AHR,NRBP1,-0.3310535038472153,0.12992584705352783,0.3310535038472153,0.12992584705352783
AHR,DGUOK,-0.3065922623500228,0.007228979840874672,0.3065922623500228,0.007228979840874672
AHR,CHMP3,-0.32195437606424093,-0.18126841634511948,0.32195437606424093,0.18126841634511948
AHR,CGGBP1,-0.3051669013220817,0.21045888651860878,0.3051669013220817,0.21045888651860878
AHR,TMED9,-0.3202680462272838,-0.009523061569780111,0.3202680462272838,0.009523061569780111
AHR,AHR,0.9985066279768944,0.9989549294114113,0.9985066279768944,0.9989549294114113
AHR,PSMA2-1,-0.404574588406831,-0.00735070212977007,0.404574588406831,0.00735070212977007
AHR,ARPC1B,-0.36502616573125124,-0.03480413765646517,0.36502616573125124,0.03480413765646517
AHR,ZFAND5,-0.40168901602737606,-0.06708003394305706,0.40168901602737606,0.06708003394305706
AHR,RDX,-0.3112618364393711,0.034357127733528614,0.3112618364393711,0.034357127733528614
AHR,P2RX4,0.30058451276272535,-0.06088709249161184,0.30058451276272535,0.06088709249161184
AHR,SPG20,-0.3180244751274586,0.052550206426531076,0.3180244751274586,0.052550206426531076
AHR,MED4,-0.31974667171016335,-0.1895765057997778,0.31974667171016335,0.1895765057997778
AHR,TM9SF2,-0.3150607197312638,0.020408271346241236,0.3150607197312638,0.020408271346241236
AHR,SNW1,0.30477624805644155,0.06566034350544214,0.30477624805644155,0.06566034350544214
AHR,MESDC2,-0.3391757011413574,0.1260888217948377,0.3391757011413574,0.1260888217948377
AHR,CHD2,-0.3282864335924387,-0.12240373063832521,0.3282864335924387,0.12240373063832521
AHR,RP11-290F20.3,-0.32273827074095607,-0.15481020975857973,0.32273827074095607,0.15481020975857973
RELB,PTAFR,-0.3287384398281574,0.12087935872841626,0.3287384398281574,0.12087935872841626
RELB,ELOVL1,-0.38402426429092884,0.03583436366170645,0.38402426429092884,0.03583436366170645
RELB,UQCRH,0.342004856094718,-0.3401688616722822,0.342004856094718,0.3401688616722822
RELB,RAP1A,-0.3481968642445281,-0.09836495108902454,0.3481968642445281,0.09836495108902454
RELB,PSMD4,-0.3080177865922451,-0.004654290154576302,0.3080177865922451,0.004654290154576302
RELB,C1orf43,-0.321615788154304,0.09714601002633572,0.321615788154304,0.09714601002633572
RELB,RTN4,-0.412201588973403,-0.05347389110829681,0.412201588973403,0.05347389110829681
RELB,SSB,-0.30400147289037704,-0.16592074884101748,0.30400147289037704,0.16592074884101748
RELB,UBE2F,-0.3029397651553154,-0.05270759202539921,0.3029397651553154,0.05270759202539921
RELB,SLC6A6,-0.41378746926784515,0.07219572458416224,0.41378746926784515,0.07219572458416224
RELB,PPP4R2,-0.32673920365050435,0.05348445940762758,0.32673920365050435,0.05348445940762758
RELB,PCNP,0.3267517643980682,0.13442280609160662,0.3267517643980682,0.13442280609160662
RELB,CDV3,-0.4034184901975095,0.09045737842097878,0.4034184901975095,0.09045737842097878
RELB,PSMD2,-0.300846423022449,-0.08164609223604202,0.300846423022449,0.08164609223604202
RELB,CCT5,-0.3524507861584425,-0.2083153324201703,0.3524507861584425,0.2083153324201703
RELB,PPP1R18,-0.32177099492400885,-0.05533323995769024,0.32177099492400885,0.05533323995769024
RELB,ABRACL,-0.3939827857539058,-0.16717231553047895,0.3939827857539058,0.16717231553047895
RELB,ARPC1A,-0.3435517600737512,0.062360916286706924,0.3435517600737512,0.062360916286706924
RELB,PSMC2,-0.3656366690993309,-0.07843249663710594,0.3656366690993309,0.07843249663710594
RELB,DDX3X,0.3389310878701508,0.0342558529227972,0.3389310878701508,0.0342558529227972
RELB,MORF4L2,-0.31299321353435516,-0.1715894031804055,0.31299321353435516,0.1715894031804055
RELB,MRPS16,-0.38777302764356136,-0.041594611713662744,0.38777302764356136,0.041594611713662744
RELB,TMEM179B,-0.3695159675553441,-0.06679436098784208,0.3695159675553441,0.06679436098784208
RELB,OTUB1,-0.323868528008461,-0.1612094920128584,0.323868528008461,0.1612094920128584
RELB,TCIRG1,-0.3011006093584001,-0.06606252724304795,0.3011006093584001,0.06606252724304795
RELB,OS9,-0.3440106671769172,-0.19293662952259183,0.3440106671769172,0.19293662952259183
RELB,RPL6,-0.34192021982744336,0.078895328566432,0.34192021982744336,0.078895328566432
RELB,SNRNP35,-0.4335495103150606,-0.0677827000617981,0.4335495103150606,0.0677827000617981
RELB,MED4,-0.3315112292766571,-0.13691546395421028,0.3315112292766571,0.13691546395421028
RELB,COMMD6,-0.3270802025217563,0.172056685667485,0.3270802025217563,0.172056685667485
RELB,PSMA6,-0.3671844145283103,-0.07756086252629757,0.3671844145283103,0.07756086252629757
RELB,ACTR10,-0.3221457798499614,0.04421817930415273,0.3221457798499614,0.04421817930415273
RELB,ANP32A,-0.31898885034024715,-0.020699632354080677,0.31898885034024715,0.020699632354080677
RELB,KRT10,-0.319269354455173,-0.1789426114410162,0.319269354455173,0.1789426114410162
RELB,DDX5,-0.40216903830878437,0.03756792063359171,0.40216903830878437,0.03756792063359171
RELB,TXNL1,-0.3287153020501137,-0.05964224226772785,0.3287153020501137,0.05964224226772785
RELB,RELB,0.9982626438140869,0.8735533952713013,0.9982626438140869,0.8735533952713013
RELB,TSEN34,-0.3805405981838703,-0.020520142512395978,0.3805405981838703,0.020520142512395978
RELB,SNAP29,-0.3246857416816056,-0.09596963040530682,0.3246857416816056,0.09596963040530682
RELB,UBE2L3,-0.31990635534748435,0.07422928884625435,0.31990635534748435,0.07422928884625435
RELB,DDX17,0.3017387855798006,0.03736070217564702,0.3017387855798006,0.03736070217564702
ATF5,SDSL,0.3265417566290125,0.026031198911368847,0.3265417566290125,0.026031198911368847
ATF5,ZNF207,-0.3070529572432861,0.10010910779237747,0.3070529572432861,0.10010910779237747
ATF5,ATF5,0.9986464753746986,0.873185470700264,0.9986464753746986,0.873185470700264
JUNB,CCNL1,0.32728574611246586,-0.13144466865924187,0.32728574611246586,0.13144466865924187
JUNB,PNRC1,0.34585385490208864,0.33872585371136665,0.34585385490208864,0.33872585371136665
JUNB,TNFAIP3,0.31887248740531504,0.07365957694128156,0.31887248740531504,0.07365957694128156
JUNB,NFKBIA,0.4686507321894169,0.4209065530449152,0.4686507321894169,0.4209065530449152
JUNB,JUNB,0.997551403939724,0.9981075376272202,0.997551403939724,0.9981075376272202
JUNB,IER2,0.3008030545897782,0.3560014581307769,0.3008030545897782,0.3560014581307769
JUNB,OSCAR,0.3130820122314617,-0.023306123970542103,0.3130820122314617,0.023306123970542103
JUNB,ATF4,0.3574206940829754,0.12226242199540138,0.3574206940829754,0.12226242199540138
YBX1,SSU72,0.3300438206642866,0.007537010125815868,0.3300438206642866,0.007537010125815868
YBX1,PARK7,0.3702634465880692,0.4107318059541285,0.3702634465880692,0.4107318059541285
YBX1,ENO1,0.37337595131248236,0.3173207575455308,0.37337595131248236,0.3173207575455308
YBX1,NUDC,0.3471741396933794,0.31288717314600945,0.3471741396933794,0.31288717314600945
YBX1,PTAFR,-0.30352710746228695,-0.1293539321050048,0.30352710746228695,0.1293539321050048
YBX1,EIF3I,0.3103968049399555,0.1194490878842771,0.3103968049399555,0.1194490878842771
YBX1,YBX1,0.9975271597504616,0.9976835623383522,0.9975271597504616,0.9976835623383522
YBX1,S100A8,-0.31342716747894883,-0.12060593324713409,0.31342716747894883,0.12060593324713409
YBX1,SRP9,0.3151795733720064,0.11858620868588332,0.3151795733720064,0.11858620868588332
YBX1,ITGB1BP1,0.3574430551379919,0.06177218444645405,0.3574430551379919,0.06177218444645405
YBX1,PDIA6,0.35618917644023895,0.35647186799906194,0.35618917644023895,0.35647186799906194
YBX1,MDH1,0.3242857586592436,0.5263426136225462,0.3242857586592436,0.5263426136225462
YBX1,ANXA4,0.3195828517200425,0.277360025793314,0.3195828517200425,0.277360025793314
YBX1,PCBP1,0.3445098102092743,0.02442754479125142,0.3445098102092743,0.02442754479125142
YBX1,AUP1,0.317481275415048,0.22524598299423815,0.317481275415048,0.22524598299423815
YBX1,SSB,0.3273492492735386,0.08485087309964001,0.3273492492735386,0.08485087309964001
YBX1,ATP5G3,0.32793081388808787,0.2907151011750102,0.32793081388808787,0.2907151011750102
YBX1,RPL37,-0.329210557625629,0.03911604266613722,0.329210557625629,0.03911604266613722
YBX1,CD74,0.4031236171722412,0.4288385659456253,0.4031236171722412,0.4288385659456253
YBX1,G3BP1,0.3132887929677963,0.130984322167933,0.3132887929677963,0.130984322167933
YBX1,NPM1,0.4007457122206688,0.4053790047764778,0.4007457122206688,0.4053790047764778
YBX1,PDLIM7,-0.324097054079175,-0.20596607448533177,0.324097054079175,0.20596607448533177
YBX1,HLA-DRB1,0.3782331496477127,0.2846806887537241,0.3782331496477127,0.2846806887537241
YBX1,HLA-DMA,0.3274988841731101,0.3676179423928261,0.3274988841731101,0.3676179423928261
YBX1,HLA-DPA1,0.432955764234066,0.32092502899467945,0.432955764234066,0.32092502899467945
YBX1,HLA-DPB1,0.4321219976991415,0.3769654333591461,0.4321219976991415,0.3769654333591461
YBX1,ATP6V1F,0.32024376280605793,0.10184522718191147,0.32024376280605793,0.10184522718191147
YBX1,PGK1,0.3524396219290793,0.2534746283199638,0.3524396219290793,0.2534746283199638
YBX1,RPL8,0.31387738161720335,0.2735488209873438,0.31387738161720335,0.2735488209873438
YBX1,MRPS16,0.37886860268190503,0.167337465332821,0.37886860268190503,0.167337465332821
YBX1,RNH1,0.4618434403091669,0.4345055799931288,0.4618434403091669,0.4345055799931288
YBX1,POLR2L,0.3321756199002266,0.07306307833641768,0.3321756199002266,0.07306307833641768
YBX1,DENND5A,-0.33040522783994675,-0.019587262999266386,0.33040522783994675,0.019587262999266386
YBX1,TRMT112,0.3405351566616446,0.20688468543812633,0.3405351566616446,0.20688468543812633
YBX1,CFL1,0.33326670667156577,0.25249849911779165,0.33326670667156577,0.25249849911779165
YBX1,BANF1,0.32656776113435626,-0.01842056680470705,0.32656776113435626,0.01842056680470705
YBX1,HSPA8,0.5287906490266323,0.379951192997396,0.5287906490266323,0.379951192997396
YBX1,FKBP4,0.30411487724632025,0.21327250823378563,0.30411487724632025,0.21327250823378563
YBX1,TUBA1B,0.3301343857892789,0.39773051254451275,0.3301343857892789,0.39773051254451275
YBX1,HNRNPA1,0.37114814668893814,0.16900228639133275,0.37114814668893814,0.16900228639133275
YBX1,HSP90B1,0.3002027248730883,0.1467822272097692,0.3002027248730883,0.1467822272097692
YBX1,VPS29,0.40472185984253883,0.10999807144980878,0.40472185984253883,0.10999807144980878
YBX1,RAN,0.34690310433506966,0.32791090104728937,0.34690310433506966,0.32791090104728937
YBX1,NEDD8,0.32995797018520534,0.38789381785318255,0.32995797018520534,0.38789381785318255
YBX1,RPS29,-0.3555641770362854,0.006527364253997803,0.3555641770362854,0.006527364253997803
YBX1,LGALS3,0.35556573420763016,0.3719582511112094,0.35556573420763016,0.3719582511112094
YBX1,ACTR10,0.35691826045513153,-0.07997821597382426,0.35691826045513153,0.07997821597382426
YBX1,AHSA1,0.32645796798169613,0.25529122562147677,0.32645796798169613,0.25529122562147677
YBX1,EIF4A1,0.45153649523854256,0.39527968410402536,0.45153649523854256,0.39527968410402536
YBX1,VAMP2,-0.37575522577390075,0.24284183542476967,0.37575522577390075,0.24284183542476967
YBX1,TMEM230,0.39419312588870525,0.10965701378881931,0.39419312588870525,0.10965701378881931
YBX1,CST3,0.3764939331449568,0.23823181027546525,0.3764939331449568,0.23823181027546525
YBX1,HM13,0.46653398498892784,0.1379882034379989,0.46653398498892784,0.1379882034379989
YBX1,COMMD7,0.34172428608871996,0.19274019869044423,0.34172428608871996,0.19274019869044423
YBX1,PSMA7,0.34001952037215233,0.4098579902201891,0.34001952037215233,0.4098579902201891
YBX1,RGS19,-0.3221022341167554,-0.13145936583168805,0.3221022341167554,0.13145936583168805
YBX1,DDX39A,0.4974336717277765,0.2126966305077076,0.4974336717277765,0.2126966305077076
YBX1,PDCD5,0.4178029429167509,0.28223720635287464,0.4178029429167509,0.28223720635287464
YBX1,TYROBP,-0.33626198396086693,-0.17387415375560522,0.33626198396086693,0.17387415375560522
YBX1,IL4I1,0.37177115865051746,0.10215733502991498,0.37177115865051746,0.10215733502991498
YBX1,OSCAR,-0.38247522548772395,-0.20026271790266037,0.38247522548772395,0.20026271790266037
YBX1,CSTB,0.34026737324893475,0.36460823751986027,0.34026737324893475,0.36460823751986027
KLF6,NUDC,-0.31522327847778797,-0.1519093564711511,0.31522327847778797,0.1519093564711511
KLF6,H3F3A,-0.3066062703728676,-0.17241276055574417,0.3066062703728676,0.17241276055574417
KLF6,HNRNPA3,-0.34887003153562546,-0.13681128341704607,0.34887003153562546,0.13681128341704607
KLF6,ARPC4,-0.3082397086545825,-0.05334241427772213,0.3082397086545825,0.05334241427772213
KLF6,TPRA1,-0.3011165554635227,-0.18946514755953103,0.3011165554635227,0.18946514755953103
KLF6,RBM22,0.327233768068254,0.03190158144570887,0.327233768068254,0.03190158144570887
KLF6,KLF6,0.9983838647603989,0.9976025596261024,0.9983838647603989,0.9976025596261024
KLF6,SLC25A3,-0.33183227363042533,-0.0444481298327446,0.33183227363042533,0.0444481298327446
KLF6,ARPC3,-0.34866636618971825,-0.15192231722176075,0.34866636618971825,0.15192231722176075
KLF6,TMX1,0.3693067878484726,-0.06293887225911021,0.3693067878484726,0.06293887225911021
KLF6,SERF2,-0.33163276221603155,-0.001237364485859871,0.33163276221603155,0.001237364485859871
KLF6,ZNF207,-0.4397016288712621,0.0034299036487936974,0.4397016288712621,0.0034299036487936974
KLF6,FBXO7,-0.33882919722236693,-0.12002497049979866,0.33882919722236693,0.12002497049979866
KLF6,CYB5R3,-0.3107241018442437,0.02659216325264424,0.3107241018442437,0.02659216325264424
ZNF267,GTF2B,0.33490010909736156,0.2304563084617257,0.33490010909736156,0.2304563084617257
ZNF267,SQSTM1,0.404648432508111,0.109461126383394,0.404648432508111,0.109461126383394
ZNF267,MPLKIP,-0.35772690922021866,-0.08422308752778918,0.35772690922021866,0.08422308752778918
ZNF267,SURF4,-0.31422222894616425,-0.09814409469254315,0.31422222894616425,0.09814409469254315
ZNF267,TMEM179B,-0.3006579978391528,-0.21682228660210967,0.3006579978391528,0.21682228660210967
ZNF267,STX5,-0.3111446890980005,-0.16940442100167274,0.3111446890980005,0.16940442100167274
ZNF267,PPP4C,-0.3192565490026027,0.1515575312077999,0.3192565490026027,0.1515575312077999
ZNF267,ZNF267,0.8737795203924179,0.8739413842558861,0.8737795203924179,0.8739413842558861
ZNF267,RPL38,0.3018852439709008,0.09500351315364242,0.3018852439709008,0.09500351315364242
YY1,RPS27,0.3788028589915484,0.14012257475405931,0.3788028589915484,0.14012257475405931
YY1,NDUFS2,-0.3188021760433912,-0.07008459651842713,0.3188021760433912,0.07008459651842713
YY1,SELT,-0.3573128446005285,-0.158744715154171,0.3573128446005285,0.158744715154171
YY1,PDCD10,-0.3426069710403681,0.12129767145961523,0.3426069710403681,0.12129767145961523
YY1,BTF3,0.30668734572827816,0.08913113409653306,0.30668734572827816,0.08913113409653306
YY1,RPS10,-0.35010783188045025,-0.09355678129941225,0.35010783188045025,0.09355678129941225
YY1,AKIRIN2,-0.3052321095019579,-0.16219892259687185,0.3052321095019579,0.16219892259687185
YY1,EEF1D,0.32792782320757397,0.09720708290114999,0.32792782320757397,0.09720708290114999
YY1,GLRX3,-0.3002111781388521,-0.1331625070888549,0.3002111781388521,0.1331625070888549
YY1,SNX6,-0.3295737272128463,0.03213658183813095,0.3295737272128463,0.03213658183813095
YY1,TMED10,-0.31363607238745317,-0.1322072367183864,0.31363607238745317,0.1322072367183864
YY1,YY1,0.9983556121587753,0.9985198676586151,0.9983556121587753,0.9985198676586151
YY1,BNIP2,-0.36364402272738516,-0.20749733904813183,0.36364402272738516,0.20749733904813183
YY1,RPL13,0.3227525372058153,0.19973058719187975,0.3227525372058153,0.19973058719187975
YY1,PHF23,-0.35434096585959196,0.008916580118238926,0.35434096585959196,0.008916580118238926
YY1,NCOR1,-0.35219412855803967,-0.02667990472400561,0.35219412855803967,0.02667990472400561
YY1,GRB2,-0.3228503465652466,-0.1987472572363913,0.3228503465652466,0.1987472572363913
YY1,CALM3,-0.300218366086483,-0.023071227129548788,0.300218366086483,0.023071227129548788
YY1,RPL28,0.33452164533082396,0.06909323600120842,0.33452164533082396,0.06909323600120842
YY1,DDT,-0.31495271250605583,-0.20960646052844822,0.31495271250605583,0.20960646052844822
YY1,ARFGAP3,0.3342618669848889,-0.04958710726350546,0.3342618669848889,0.04958710726350546
NR1H2,GNB1,-0.3825356401503086,-0.05295377969741821,0.3825356401503086,0.05295377969741821
NR1H2,NRD1,-0.33298195991665125,-0.3248261692933738,0.33298195991665125,0.3248261692933738
NR1H2,TMEM167B,-0.3109609931707382,-0.1331308432854712,0.3109609931707382,0.1331308432854712
NR1H2,CD48,-0.3345786198042333,0.015486548247281462,0.3345786198042333,0.015486548247281462
NR1H2,NPL,0.33038329519331455,-0.06507731997407973,0.33038329519331455,0.06507731997407973
NR1H2,H3F3A,-0.3801035573706031,-0.15750851418124512,0.3801035573706031,0.15750851418124512
NR1H2,WIPF1,-0.3672402771189809,0.02053962112404406,0.3672402771189809,0.02053962112404406
NR1H2,RPL37A,-0.34424080699682236,0.17777032032608986,0.34424080699682236,0.17777032032608986
NR1H2,UBE2E1,-0.32996075646951795,-0.21665137959644198,0.32996075646951795,0.21665137959644198
NR1H2,TFG,-0.3310797717422247,0.019332719035446644,0.3310797717422247,0.019332719035446644
NR1H2,TPRA1,-0.32164670154452324,0.11477871728129685,0.32164670154452324,0.11477871728129685
NR1H2,TIPARP,0.31781863793730736,0.1277172565460205,0.31781863793730736,0.1277172565460205
NR1H2,PPID,-0.4354091975837946,-0.0025977957993745804,0.4354091975837946,0.0025977957993745804
NR1H2,NDUFS6,-0.40283136907964945,-0.040834720246493816,0.40283136907964945,0.040834720246493816
NR1H2,SUB1,-0.34586397651582956,0.07764633791521192,0.34586397651582956,0.07764633791521192
NR1H2,SGTB,-0.3854856616817415,-0.1509741209447384,0.3854856616817415,0.1509741209447384
NR1H2,NELFE,0.3379287230782211,0.041837588883936405,0.3379287230782211,0.041837588883936405
NR1H2,NDUFA4,-0.3973604440689087,0.11208567675203085,0.3973604440689087,0.11208567675203085
NR1H2,NDUFB11,-0.30812364257872105,-0.15897556993877515,0.30812364257872105,0.15897556993877515
NR1H2,MSN,-0.30149775138124824,-0.08207562565803528,0.30149775138124824,0.08207562565803528
NR1H2,SLC25A37,0.334448101464659,-0.08732505049556494,0.334448101464659,0.08732505049556494
NR1H2,RAB2A,-0.3615320511162281,-0.15906970761716366,0.3615320511162281,0.15906970761716366
NR1H2,FNBP1,-0.3866301476955414,0.14144917274825275,0.3866301476955414,0.14144917274825275
NR1H2,NCOA4,-0.3625657856464386,-0.0821249894797802,0.3625657856464386,0.0821249894797802
NR1H2,SAR1A,-0.31724133249372244,0.20006363571155816,0.31724133249372244,0.20006363571155816
NR1H2,ANAPC16,-0.37472620559856296,-0.06523864157497883,0.37472620559856296,0.06523864157497883
NR1H2,PCGF5,-0.33429074473679066,-0.13844258710741997,0.33429074473679066,0.13844258710741997
NR1H2,EIF3F,0.3150227516889572,-0.02002913155592978,0.3150227516889572,0.02002913155592978
NR1H2,C11orf31,-0.31297103269025683,-0.07474370876298053,0.31297103269025683,0.07474370876298053
NR1H2,GLIPR1,-0.3182233767583966,0.08624102175235748,0.3182233767583966,0.08624102175235748
NR1H2,LINC00936,-0.30908248759806156,-0.08138064807280898,0.30908248759806156,0.08138064807280898
NR1H2,UBC,0.3902006447315216,0.06067463383078575,0.3902006447315216,0.06067463383078575
NR1H2,HSPH1,-0.3238425673916936,-0.10147089526435593,0.3238425673916936,0.10147089526435593
NR1H2,SLC7A7,-0.3870313689112663,-0.15736956521868706,0.3870313689112663,0.15736956521868706
NR1H2,PSMF1,-0.4213695768266916,-0.10860789095750079,0.4213695768266916,0.10860789095750079
NR1H2,MYO1F,0.33039158768951893,0.04348406661301851,0.33039158768951893,0.04348406661301851
NR1H2,DNASE2,0.4274525963701308,-0.020949164405465126,0.4274525963701308,0.020949164405465126
NR1H2,RPL18A,0.3365104887634516,0.18664376577362418,0.3365104887634516,0.18664376577362418
NR1H2,GMFG,-0.35660118656232953,0.0919266790151596,0.35660118656232953,0.0919266790151596
NR1H2,PSMC4,-0.3131603845395148,-0.031174386385828257,0.3131603845395148,0.031174386385828257
NR1H2,NOSIP,-0.31523895054124296,-0.04299108171835542,0.31523895054124296,0.04299108171835542
NR1H2,NR1H2,0.9976040050387383,0.8737286329269409,0.9976040050387383,0.8737286329269409
NR1H2,TSEN34,0.337484747171402,0.043230625888099894,0.337484747171402,0.043230625888099894
NR1H2,CHMP2A,0.32046260455899755,-0.08795993681997061,0.32046260455899755,0.08795993681997061
NR1H2,ATP6V1E1,-0.30605326587101445,-0.20567749813199043,0.30605326587101445,0.20567749813199043
NR1H2,UBE2L3,-0.3407433182001114,0.05764659872511402,0.3407433182001114,0.05764659872511402
NR1H2,CCT8,-0.3231512220809236,0.01706643309444189,0.3231512220809236,0.01706643309444189
NR1H2,IL10RB,-0.37847105506807566,-0.0006600581109523773,0.37847105506807566,0.0006600581109523773
NR1H2,U2AF1,0.3219025284051895,-0.004624702036380768,0.3219025284051895,0.004624702036380768
BACH1,MINOS1,0.36437202608794905,0.0034201964735984802,0.36437202608794905,0.0034201964735984802
BACH1,CREG1,-0.32803143933415413,-0.03314081917051226,0.32803143933415413,0.03314081917051226
BACH1,HSPE1,-0.35140395630151033,-0.2058777268975973,0.35140395630151033,0.2058777268975973
BACH1,PARP14,-0.31952524930238724,0.01732034981250763,0.31952524930238724,0.01732034981250763
BACH1,HINT1,-0.38265170459635556,-0.054286790546029806,0.38265170459635556,0.054286790546029806
BACH1,UBE2B,-0.3798277243040502,0.07415820937603712,0.3798277243040502,0.07415820937603712
BACH1,HLA-DMA,-0.3289916077628732,-0.035821499302983284,0.3289916077628732,0.035821499302983284
BACH1,GSDMD,-0.34041160863125697,-0.15253551816567779,0.34041160863125697,0.15253551816567779
BACH1,TLE4,-0.3482590193161741,-0.040618013590574265,0.3482590193161741,0.040618013590574265
BACH1,RAB14,-0.31472389213740826,-0.12876200815662742,0.31472389213740826,0.12876200815662742
BACH1,ARGLU1,-0.3582736646058038,0.17329951096326113,0.3582736646058038,0.17329951096326113
BACH1,RPS27L,-0.3050680924206972,-0.07751691713929176,0.3050680924206972,0.07751691713929176
BACH1,ATP5H,-0.31793562113307416,-0.15283106360584497,0.31793562113307416,0.15283106360584497
BACH1,DDX39A,-0.32062139129266143,-0.25842619221657515,0.32062139129266143,0.25842619221657515
BACH1,CYB5R3,-0.3004334047436714,0.19385196268558502,0.3004334047436714,0.19385196268558502
BACH1,BACH1,0.9956175684928894,0.9985960945487022,0.9956175684928894,0.9985960945487022
IRF1,RBMS1,-0.3132571130990982,0.10984373232349753,0.3132571130990982,0.10984373232349753
IRF1,IRF1,0.998054102063179,0.9981918185949326,0.998054102063179,0.9981918185949326
IRF1,TAP1,0.4432652182877064,0.014747835462912917,0.4432652182877064,0.014747835462912917
IRF1,PNRC1,0.45017478708177805,0.37623507902026176,0.45017478708177805,0.37623507902026176
IRF1,ABRACL,-0.33171524200588465,-0.06330166012048721,0.33171524200588465,0.06330166012048721
IRF1,EPC1,-0.32431188970804214,0.0033147346694022417,0.32431188970804214,0.0033147346694022417
IRF1,SAR1A,-0.3963606171309948,-0.03187776100821793,0.3963606171309948,0.03187776100821793
IRF1,IRF7,0.35177798522636294,0.12209197552874684,0.35177798522636294,0.12209197552874684
IRF1,DENND5A,-0.326076989993453,0.0910254567861557,0.326076989993453,0.0910254567861557
IRF1,UBE2L6,0.3529509846121073,0.037870771484449506,0.3529509846121073,0.037870771484449506
IRF1,LACC1,-0.3024043943732977,-0.3021880958986003,0.3024043943732977,0.3021880958986003
IRF1,SOCS3,0.3296982580795884,0.3063363879919052,0.3296982580795884,0.3063363879919052
IRF1,SIRPA,-0.3234965968877077,-0.18776791042182595,0.3234965968877077,0.18776791042182595
IRF1,ZFAS1,0.3324679024517536,0.4433574052527547,0.3324679024517536,0.4433574052527547
IRF1,TBCB,-0.3571209367364645,-0.016856733709573746,0.3571209367364645,0.016856733709573746
IRF1,RPS16,0.3181577615905553,0.2589372247457504,0.3181577615905553,0.2589372247457504
IRF1,FPR1,0.32240982889197767,0.1366672735894099,0.32240982889197767,0.1366672735894099
IRF1,FPR3,-0.300549210049212,-0.14554268043139018,0.300549210049212,0.14554268043139018
IRF1,TSEN34,0.30252150213345885,0.19465507101267576,0.30252150213345885,0.19465507101267576
HMGA1,FGR,0.3923549000173807,0.1672417912632227,0.3923549000173807,0.1672417912632227
HMGA1,LAPTM5,0.3251953483559191,0.36660705180838704,0.3251953483559191,0.36660705180838704
HMGA1,HAX1,-0.3260533958673477,-0.19081977661699057,0.3260533958673477,0.19081977661699057
HMGA1,ARPC5,-0.33424315182492137,-0.1593233561143279,0.33424315182492137,0.1593233561143279
HMGA1,PLEKHB2,0.37516156723722816,0.13840528298169374,0.37516156723722816,0.13840528298169374
HMGA1,ATG3,-0.3637220859527588,-0.02995850332081318,0.3637220859527588,0.02995850332081318
HMGA1,SELT,-0.3575806589797139,0.11318512260913849,0.3575806589797139,0.11318512260913849
HMGA1,FNDC3B,0.380046226317063,-0.1433484205044806,0.380046226317063,0.1433484205044806
HMGA1,REEP5,-0.3279867060482502,0.01867513358592987,0.3279867060482502,0.01867513358592987
HMGA1,NOL7,0.30830234616587404,-0.0004597108927555382,0.30830234616587404,0.0004597108927555382
HMGA1,FLOT1,0.3029950521886349,0.10679830354638398,0.3029950521886349,0.10679830354638398
HMGA1,HMGA1,0.9980965033173561,0.9984652251005173,0.9980965033173561,0.9984652251005173
HMGA1,TAX1BP1,0.3350817379541695,0.07010285317664966,0.3350817379541695,0.07010285317664966
HMGA1,RALA,0.3224003445357084,0.27772890450432897,0.3224003445357084,0.27772890450432897
HMGA1,DBNL,0.3031296618282795,0.1387384836561978,0.3031296618282795,0.1387384836561978
HMGA1,UPP1,0.3425393979996443,0.4667185880243778,0.3425393979996443,0.4667185880243778
HMGA1,SRI,-0.3089712178334594,-0.09229513490572572,0.3089712178334594,0.09229513490572572
HMGA1,CLTA,-0.36889204382896423,-0.07266106829047203,0.36889204382896423,0.07266106829047203
HMGA1,C9orf89,0.3184412300470285,0.24359191671101144,0.3184412300470285,0.24359191671101144
HMGA1,VIM,0.32012384571135044,0.3219583327881992,0.32012384571135044,0.3219583327881992
HMGA1,PPIF,0.3268310434068553,0.5705216228961945,0.3268310434068553,0.5705216228961945
HMGA1,PSMC3,-0.30203861254267395,-0.026670098770409822,0.30203861254267395,0.026670098770409822
HMGA1,OLR1,0.3908357846084982,0.2615841389633715,0.3908357846084982,0.2615841389633715
HMGA1,DNAJC15,-0.34276826574932784,-0.04630845063365996,0.34276826574932784,0.04630845063365996
HMGA1,HIF1A,0.3311172730755061,-0.177253671688959,0.3311172730755061,0.177253671688959
HMGA1,EIF5,0.30272840335965157,0.3016546725993976,0.30272840335965157,0.3016546725993976
HMGA1,THBS1,-0.3062135244254023,-0.12809487339109182,0.3062135244254023,0.12809487339109182
HMGA1,PHF23,0.30337943451013416,0.2226875671185553,0.30337943451013416,0.2226875671185553
HMGA1,SLC16A3,0.367672125226818,0.03706339653581381,0.367672125226818,0.03706339653581381
HMGA1,CIRBP,0.3132632514461875,0.35073882853612304,0.3132632514461875,0.35073882853612304
HMGA1,EMP3,0.31812961399555206,0.2576555833220482,0.31812961399555206,0.2576555833220482
HMGA1,ATF4,0.32083332631736994,0.18776864279061556,0.32083332631736994,0.18776864279061556
CEBPD,LAMTOR2,0.32679348695091903,0.21511755695246393,0.32679348695091903,0.21511755695246393
CEBPD,RPL31,0.39378207735717297,-0.021044559485744685,0.39378207735717297,0.021044559485744685
CEBPD,PLEKHB2,-0.42735289968550205,0.16258157812990248,0.42735289968550205,0.16258157812990248
CEBPD,RPL24,0.30252900533378124,0.09353464108426124,0.30252900533378124,0.09353464108426124
CEBPD,MFSD1,-0.3626333912834525,0.1151314228773117,0.3626333912834525,0.1151314228773117
CEBPD,COMMD8,-0.3863905933685601,-0.10485194390639663,0.3863905933685601,0.10485194390639663
CEBPD,CYB5R4,-0.31729287235066295,-0.06474321871064603,0.31729287235066295,0.06474321871064603
CEBPD,SRI,-0.31200229562819004,-0.12457854906097054,0.31200229562819004,0.12457854906097054
CEBPD,CEBPD,0.9982298910617828,0.9986054673790932,0.9982298910617828,0.9986054673790932
CEBPD,PSMD13,-0.36697474494576454,-0.230027980171144,0.36697474494576454,0.230027980171144
CEBPD,RPS13,0.35890589421615005,-0.013954007437860128,0.35890589421615005,0.013954007437860128
CEBPD,SPCS2,-0.38274433743208647,-0.09856436727568507,0.38274433743208647,0.09856436727568507
CEBPD,KRAS,-0.31511926371604204,-0.1347952825963148,0.31511926371604204,0.1347952825963148
CEBPD,POMP,0.33155850041657686,0.27660143619868904,0.33155850041657686,0.27660143619868904
CEBPD,TM9SF2,-0.3689575952012092,-0.08670361305121332,0.3689575952012092,0.08670361305121332
CEBPD,ARPP19,-0.32594014471396804,0.1139894612133503,0.32594014471396804,0.1139894612133503
CEBPD,RPL4,0.3566891027148813,0.04094656124652829,0.3566891027148813,0.04094656124652829
CEBPD,MVP,-0.35787405021255836,0.14399679470807314,0.35787405021255836,0.14399679470807314
CEBPD,RPL38,0.5545265842229128,-0.18976877350360155,0.5545265842229128,0.18976877350360155
CEBPD,CIRBP,0.3080041380599141,0.08260410578805022,0.3080041380599141,0.08260410578805022
CEBPD,UBA52,0.393583923811093,0.050954104866832495,0.393583923811093,0.050954104866832495
CEBPD,SEPW1,-0.32018963946029544,0.07304403092712164,0.32018963946029544,0.07304403092712164
REL,NDUFS2,-0.3474871292710304,-0.0977834640070796,0.3474871292710304,0.0977834640070796
REL,REL,0.9986247345805168,0.998821534216404,0.9986247345805168,0.998821534216404
REL,ARL6IP5,0.3490442777547287,0.006207205937243998,0.3490442777547287,0.006207205937243998
REL,FNDC3B,-0.3281278164649848,0.33593083056621253,0.3281278164649848,0.33593083056621253
REL,TMEM165,-0.3043613117188215,-0.11125058867037296,0.3043613117188215,0.11125058867037296
REL,CCT5,-0.3336088387295604,-0.06101450859569013,0.3336088387295604,0.06101450859569013
REL,REEP5,0.34907522425055504,0.06366646324750036,0.34907522425055504,0.06366646324750036
REL,SKP1,0.32777063571847975,0.01888860482722521,0.32777063571847975,0.01888860482722521
REL,HIGD2A,0.3030782537534833,0.05085970798972994,0.3030782537534833,0.05085970798972994
REL,EZR,0.3926466563716531,-0.06706737936474383,0.3926466563716531,0.06706737936474383
REL,CYCS,-0.3131012397352606,0.003625129349529743,0.3131012397352606,0.003625129349529743
REL,MPLKIP,0.32382235396653414,-0.1262260670773685,0.32382235396653414,0.1262260670773685
REL,SRI,-0.30671586794778705,0.05408106092363596,0.30671586794778705,0.05408106092363596
REL,NINJ1,0.34566418966278434,0.028170845471322536,0.34566418966278434,0.028170845471322536
REL,RPL7A,0.310455356258899,-0.05638607544824481,0.310455356258899,0.05638607544824481
REL,EPC1,0.4388032059650868,-0.13951303297653794,0.4388032059650868,0.13951303297653794
REL,IRF7,-0.31112738233059645,0.07851603720337152,0.31112738233059645,0.07851603720337152
REL,COX8A,-0.3432064629159868,0.0902712238021195,0.3432064629159868,0.0902712238021195
REL,PTGES3,0.3879817135166377,-0.016348194796591997,0.3879817135166377,0.016348194796591997
REL,MAP1LC3B,-0.30808787513524294,0.010749265551567078,0.30808787513524294,0.010749265551567078
REL,ANAPC11,-0.4236491098999977,-0.16347862966358662,0.4236491098999977,0.16347862966358662
REL,SIRPA,-0.3754714373499155,-0.2551140929572284,0.3754714373499155,0.2551140929572284
REL,RPS28,0.3191667962819338,0.04947670642286539,0.3191667962819338,0.04947670642286539
REL,ICAM1,0.3378021130338311,-0.004622179549187422,0.3378021130338311,0.004622179549187422
REL,CDC37,-0.3275634739547968,-0.05268386815441772,0.3275634739547968,0.05268386815441772
REL,COX6B1,-0.31191284768283367,-0.07293242774903774,0.31191284768283367,0.07293242774903774
REL,ATP5O,0.3032963174628094,0.20381742110475898,0.3032963174628094,0.20381742110475898
NFE2L2,CAMTA1,-0.3205217272043228,-0.11246943101286888,0.3205217272043228,0.11246943101286888
NFE2L2,TMCO1,0.30116432812064886,-0.030496942810714245,0.30116432812064886,0.030496942810714245
NFE2L2,RPS7,-0.30979698710143566,0.01203208533115685,0.30979698710143566,0.01203208533115685
NFE2L2,NFE2L2,0.9976859986782074,0.9981725290417671,0.9976859986782074,0.9981725290417671
NFE2L2,ABTB1,-0.36289988970384,0.1584445161279291,0.36289988970384,0.1584445161279291
NFE2L2,SSR3,-0.31581154000014067,0.13244988769292831,0.31581154000014067,0.13244988769292831
NFE2L2,NDFIP1,-0.32799039978999645,-0.15241293830331415,0.32799039978999645,0.15241293830331415
NFE2L2,HLA-DPA1,0.32847832329571247,0.36263411678373814,0.32847832329571247,0.36263411678373814
NFE2L2,EEF1A1,0.307359290542081,0.0953516389708966,0.307359290542081,0.0953516389708966
NFE2L2,COX7A2,0.34545367024838924,-0.07061430858448148,0.34545367024838924,0.07061430858448148
NFE2L2,SHFM1,-0.31399741396307945,-0.13495288882404566,0.31399741396307945,0.13495288882404566
NFE2L2,NDUFA1,-0.3578244214877486,-0.19400945302913897,0.3578244214877486,0.19400945302913897
NFE2L2,ZFAND5,-0.3656272430671379,-0.13849323627073318,0.3656272430671379,0.13849323627073318
NFE2L2,ENG,-0.3002958190627396,-0.10456857527606189,0.3002958190627396,0.10456857527606189
NFE2L2,BANF1,0.33199660666286945,0.16479610837996006,0.33199660666286945,0.16479610837996006
NFE2L2,PTGER2,0.34830058307852596,0.19004122423939407,0.34830058307852596,0.19004122423939407
NFE2L2,NOSIP,-0.3272597100585699,-0.09475927846506238,0.3272597100585699,0.09475927846506238
NFE2L2,BID,0.3060112143866718,0.23466003430075943,0.3060112143866718,0.23466003430075943
MSC,THEMIS2,-0.36757054971531034,-0.0822439044713974,0.36757054971531034,0.0822439044713974
MSC,BTF3,-0.35787736903876066,-0.13945374311879277,0.35787736903876066,0.13945374311879277
MSC,RPS23,-0.34760252200067043,-0.031553161796182394,0.34760252200067043,0.031553161796182394
MSC,SRA1,-0.41489154659211636,-0.002763727679848671,0.41489154659211636,0.002763727679848671
MSC,STX7,-0.3035670635290444,-0.057235101237893105,0.3035670635290444,0.057235101237893105
MSC,MSC,0.9987778812646866,0.9991409555077553,0.9987778812646866,0.9991409555077553
MSC,EEF1D,-0.3374944052193314,-0.2618582518771291,0.3374944052193314,0.2618582518771291
MSC,CFL1,0.3798557873815298,-0.15869418997317553,0.3798557873815298,0.15869418997317553
MSC,RPS29,-0.35323550179600716,-0.2706936246249825,0.35323550179600716,0.2706936246249825
MSC,SDF2,-0.39023755863308907,-0.023301496054045856,0.39023755863308907,0.023301496054045856
MSC,RPL23,-0.4556811284273863,-0.08831990603357553,0.4556811284273863,0.08831990603357553
MSC,RAB31,-0.3025916737969965,-0.15792873036116362,0.3025916737969965,0.15792873036116362
MSC,SIRPA,-0.34663252625614405,0.18633455759845674,0.34663252625614405,0.18633455759845674
MSC,PSMA7,0.31007225066423416,-0.23187734186649323,0.31007225066423416,0.23187734186649323
HIF1A,SF3B4,-0.30810034833848476,-0.16583106108009815,0.30810034833848476,0.16583106108009815
HIF1A,NRBP1,-0.38623152300715446,-0.4035959495231509,0.38623152300715446,0.4035959495231509
HIF1A,MDH1,-0.31562689086422324,-0.1751460898667574,0.31562689086422324,0.1751460898667574
HIF1A,CCR5,-0.34260254353284836,-0.1679280549287796,0.34260254353284836,0.1679280549287796
HIF1A,CGGBP1,0.3236397411674261,0.11493759043514729,0.3236397411674261,0.11493759043514729
HIF1A,EIF4A2,0.3075002543628216,-0.17467541247606277,0.3075002543628216,0.17467541247606277
HIF1A,PPP2CA,-0.3038237542496063,-0.08557191118597984,0.3038237542496063,0.08557191118597984
HIF1A,HMGA1,0.3311172730755061,-0.177253671688959,0.3311172730755061,0.177253671688959
HIF1A,ATP5J2,-0.341748621314764,-0.09773996588774025,0.341748621314764,0.09773996588774025
HIF1A,NAMPT,0.30444538220763206,-0.004683997482061386,0.30444538220763206,0.004683997482061386
HIF1A,TFEC,-0.345436854287982,-0.26099751878064126,0.345436854287982,0.26099751878064126
HIF1A,BNIP3L,0.30551362968981266,-0.206246180459857,0.30551362968981266,0.206246180459857
HIF1A,ZFAND5,-0.3063916116952896,0.10480661503970623,0.3063916116952896,0.10480661503970623
HIF1A,PSMD13,-0.3775074267759919,-0.14221006724983454,0.3775074267759919,0.14221006724983454
HIF1A,CFL1,-0.3323985580354929,-0.290782644180581,0.3323985580354929,0.290782644180581
HIF1A,PFDN5,0.37913695676252246,-0.1594603187404573,0.37913695676252246,0.1594603187404573
HIF1A,DDIT3,-0.3025354326236993,0.10022491635754704,0.3025354326236993,0.10022491635754704
HIF1A,HIF1A,0.9983146712183952,0.873504988849163,0.9983146712183952,0.873504988849163
HIF1A,HCST,-0.3367813229560852,-0.10024719499051571,0.3367813229560852,0.10024719499051571
HIF1A,TBCB,-0.30791303887963295,-0.049488722113892436,0.30791303887963295,0.049488722113892436
HIF1A,RPS16,0.34571976121515036,0.2865786115289666,0.34571976121515036,0.2865786115289666
STAT3,PSMA5,-0.3423055335879326,0.11686241813004017,0.3423055335879326,0.11686241813004017
STAT3,NRBP1,-0.3320302275242284,-0.06398678757250309,0.3320302275242284,0.06398678757250309
STAT3,YPEL5,0.3049309682101011,0.13539890572428703,0.3049309682101011,0.13539890572428703
STAT3,RAB1A,-0.3886973597109318,0.08437544107437134,0.3886973597109318,0.08437544107437134
STAT3,MTHFD2,-0.3794227654580027,-0.04021540470421314,0.3794227654580027,0.04021540470421314
STAT3,KRCC1,-0.32300418335944414,-0.0992531394585967,0.32300418335944414,0.0992531394585967
STAT3,SLC6A6,-0.3058653734624386,0.11070639081299305,0.3058653734624386,0.11070639081299305
STAT3,COMMD8,-0.30519100464880466,-0.2690250677987933,0.30519100464880466,0.2690250677987933
STAT3,NFKB1,0.3147687357850373,-0.3116692267358303,0.3147687357850373,0.3116692267358303
STAT3,CTNNA1,-0.32789111137390137,-0.01080501452088356,0.32789111137390137,0.01080501452088356
STAT3,NCF1,-0.3328355710254982,-0.08249242266174406,0.3328355710254982,0.08249242266174406
STAT3,TMEM60,-0.4014447880908847,0.1301229854580015,0.4014447880908847,0.1301229854580015
STAT3,ZNF655,0.3269524574279785,-0.18543047457933426,0.3269524574279785,0.18543047457933426
STAT3,GNB2,-0.3037876177113503,-0.27399996295571327,0.3037876177113503,0.27399996295571327
STAT3,CAPZA2,-0.3183358423411846,-0.06980932946316898,0.3183358423411846,0.06980932946316898
STAT3,PRKAG2,-0.3073477945290506,-0.10036561661399901,0.3073477945290506,0.10036561661399901
STAT3,RAB9A,-0.33255698904395103,-0.07857281481847167,0.33255698904395103,0.07857281481847167
STAT3,NDUFB9,0.3256815825589001,-0.08703985600732267,0.3256815825589001,0.08703985600732267
STAT3,DNAJC1,-0.31098134256899357,0.0603215335868299,0.31098134256899357,0.0603215335868299
STAT3,TOLLIP,-0.33371898904442787,0.10512684751302004,0.33371898904442787,0.10512684751302004
STAT3,PSMC3,-0.3873972147703171,-0.07495342195034027,0.3873972147703171,0.07495342195034027
STAT3,LLPH,0.3128712270408869,0.17136294394731522,0.3128712270408869,0.17136294394731522
STAT3,SRSF9,-0.3210112610831857,-0.10454773716628551,0.3210112610831857,0.10454773716628551
STAT3,TMED2,-0.3448835462331772,-0.12412634491920471,0.3448835462331772,0.12412634491920471
STAT3,SPG20,-0.32469528121873736,0.059365782886743546,0.32469528121873736,0.059365782886743546
STAT3,PSMB5,-0.3302784515544772,-0.11691247660201043,0.3302784515544772,0.11691247660201043
STAT3,NEDD8,-0.37034741789102554,-0.0974271409213543,0.37034741789102554,0.0974271409213543
STAT3,RPS29,0.31875204015523195,0.03666107077151537,0.31875204015523195,0.03666107077151537
STAT3,PPP2R5C,0.3751237395917997,0.09187547024339437,0.3751237395917997,0.09187547024339437
STAT3,ANPEP,-0.3502384403545875,-0.01106950780376792,0.3502384403545875,0.01106950780376792
STAT3,COTL1,0.3396395482122898,-0.12047787162009627,0.3396395482122898,0.12047787162009627
STAT3,MIR22HG,-0.3012198135256767,-0.15776794217526913,0.3012198135256767,0.15776794217526913
STAT3,STAT3,0.9979190453886986,0.9980669841170311,0.9979190453886986,0.9980669841170311
STAT3,SIRPA,-0.3056743936613202,-0.04264888959005475,0.3056743936613202,0.04264888959005475
STAT3,VASP,-0.40004250849597156,-0.29118797928094864,0.40004250849597156,0.29118797928094864
STAT3,NAPA,-0.30326895229518414,-0.07278889138251543,0.30326895229518414,0.07278889138251543
STAT3,HMOX1,-0.3148595134553034,0.040644874796271324,0.3148595134553034,0.040644874796271324
STAT3,SMDT1,-0.3295892924070358,-0.11111321370117366,0.3295892924070358,0.11111321370117366
STAT3,SON,-0.31851553404703736,-0.09943142719566822,0.31851553404703736,0.09943142719566822
TFEC,TNFRSF14,-0.32451785216107965,-0.04039820053731091,0.32451785216107965,0.04039820053731091
TFEC,SDHB,-0.362234765663743,-0.1824858821928501,0.362234765663743,0.1824858821928501
TFEC,FGR,-0.33208570536226034,-0.11273403721861541,0.33208570536226034,0.11273403721861541
TFEC,KHDRBS1,-0.3249185922322795,-0.12831954017747194,0.3249185922322795,0.12831954017747194
TFEC,RAB13,0.3045354336500168,-0.09514534240588546,0.3045354336500168,0.09514534240588546
TFEC,NPL,-0.38292279932647943,-0.10383836319670081,0.38292279932647943,0.10383836319670081
TFEC,MDH1,0.4362569861114025,-0.3605131730437279,0.4362569861114025,0.3605131730437279
TFEC,ACTR3,-0.31985793448984623,-0.2148133171722293,0.31985793448984623,0.2148133171722293
TFEC,GPR35,-0.30013917689211667,-0.17510536406189203,0.30013917689211667,0.17510536406189203
TFEC,ZFYVE16,-0.43338877242058516,-0.11504905438050628,0.43338877242058516,0.11504905438050628
TFEC,RBM22,-0.369767377153039,-0.12084712833166122,0.369767377153039,0.12084712833166122
TFEC,SERPINB9,0.36198926880024374,0.11555424332618713,0.36198926880024374,0.11555424332618713
TFEC,C6orf62,-0.34487926214933395,-0.0414593331515789,0.34487926214933395,0.0414593331515789
TFEC,CBX3,0.3765445277094841,0.13416851684451103,0.3765445277094841,0.13416851684451103
TFEC,PSMA2-1,0.3335995376110077,0.12017072830349207,0.3335995376110077,0.12017072830349207
TFEC,FGL2,0.3108802903443575,0.2565329442732036,0.3108802903443575,0.2565329442732036
TFEC,TFEC,0.9983657822012901,0.9979041889309883,0.9983657822012901,0.9979041889309883
TFEC,EDF1,0.35864339768886566,-0.17576697282493114,0.35864339768886566,0.17576697282493114
TFEC,IRF7,0.40954780019819736,0.010812832624651492,0.40954780019819736,0.010812832624651492
TFEC,FERMT3,0.3767650406807661,0.05200782709289342,0.3767650406807661,0.05200782709289342
TFEC,RNASEH2C,-0.31314617581665516,-0.19065966736525297,0.31314617581665516,0.19065966736525297
TFEC,BIRC3,0.307586551643908,-0.12134137374232523,0.307586551643908,0.12134137374232523
TFEC,MRPL51,-0.32000666757812724,-0.15132582478690892,0.32000666757812724,0.15132582478690892
TFEC,SNX6,-0.3323956411331892,0.05363540770485997,0.3323956411331892,0.05363540770485997
TFEC,HIF1A,-0.345436854287982,-0.26099751878064126,0.345436854287982,0.26099751878064126
TFEC,TRADD,-0.30317245051264763,0.13149053261440713,0.30317245051264763,0.13149053261440713
TFEC,TMEM170A,-0.3389705419540405,0.03133251704275608,0.3389705419540405,0.03133251704275608
TFEC,EVI2A,0.334833562374115,0.01759408228099346,0.334833562374115,0.01759408228099346
TFEC,RBM39,-0.30012894608080387,-0.0886071939021349,0.30012894608080387,0.0886071939021349
TFEC,ATF4,-0.3076772727072239,0.04060271382331848,0.3076772727072239,0.04060271382331848
TFEC,BTG3,-0.3964080468285829,-0.22257747675757855,0.3964080468285829,0.22257747675757855
XBP1,CDC42,-0.3410508204251528,-0.17089628521353006,0.3410508204251528,0.17089628521353006
XBP1,NUDC,0.39159847976407036,0.052931101992726326,0.39159847976407036,0.052931101992726326
XBP1,SH3GLB1,0.3030342416022904,0.03984873741865158,0.3030342416022904,0.03984873741865158
XBP1,PRDX6,0.38390939752571285,-0.10905878245830536,0.38390939752571285,0.10905878245830536
XBP1,SRSF7,0.35113996639847755,0.1680183601565659,0.35113996639847755,0.1680183601565659
XBP1,RBMS1,-0.41802050080150366,0.1851776042021811,0.41802050080150366,0.1851776042021811
XBP1,HSPD1,0.3189648538827896,0.255379983689636,0.3189648538827896,0.255379983689636
XBP1,TFG,0.3758306037634611,0.03897903300821781,0.3758306037634611,0.03897903300821781
XBP1,ATG3,-0.3061410151422024,0.02180946117732674,0.3061410151422024,0.02180946117732674
XBP1,XRN1,0.3585366075858474,-0.06867807160597295,0.3585366075858474,0.06867807160597295
XBP1,SSR3,0.30054684076458216,0.17801474570296705,0.30054684076458216,0.17801474570296705
XBP1,DCP2,-0.33303134073503315,-0.11365211708471179,0.33303134073503315,0.11365211708471179
XBP1,SRSF3,0.3409612401446793,0.13839909981470555,0.3409612401446793,0.13839909981470555
XBP1,HSPA5,0.46115209348499775,0.26776874787174165,0.46115209348499775,0.26776874787174165
XBP1,PCGF5,-0.35910163447260857,0.0998128685168922,0.35910163447260857,0.0998128685168922
XBP1,CYB561A3,-0.35686213872395456,0.07332478562602773,0.35686213872395456,0.07332478562602773
XBP1,TMBIM4-1,-0.3077447582036257,-0.3015377325937152,0.3077447582036257,0.3015377325937152
XBP1,RSRC2,0.336203389801085,-0.18938881368376315,0.336203389801085,0.18938881368376315
XBP1,TINF2,-0.47115254029631615,-0.09958475735038519,0.47115254029631615,0.09958475735038519
XBP1,HERPUD1,0.3168136985041201,0.35281082437722944,0.3168136985041201,0.35281082437722944
XBP1,PSMD7,0.364148854278028,0.12389592081308365,0.364148854278028,0.12389592081308365
XBP1,GRN,-0.3915097280405462,0.005204507615417242,0.3915097280405462,0.005204507615417242
XBP1,SDF2L1,0.38207704323576763,0.31333808973431587,0.38207704323576763,0.31333808973431587
XBP1,XBP1,0.9985471069812775,0.9989457875490189,0.9985471069812775,0.9989457875490189
XBP1,CYB5R3,0.376237696284079,0.024393439292907715,0.376237696284079,0.024393439292907715
