gene_1,gene_2,corr_coef,corr_pval,corr_fdr,ctrl,stim,ctrl_mag,stim_mag,sig,TF
CREM,MCL1,0.237067626439204,0.135986401359864,0.26234236644594927,0.11749129369854927,0.4011741438880563,0.11749129369854927,0.4011741438880563,False,1
CREM,LINC00152,0.2690081845474349,0.05119488051194881,0.16177725344167193,0.09767515794374049,0.43714906414970756,0.09767515794374049,0.43714906414970756,False,1
CREM,NDUFC1,0.3085319411436538,0.0221977802219778,0.11116097692556325,-0.3651822474785149,-0.04095050832256675,0.3651822474785149,0.04095050832256675,False,1
CREM,IL7R,-0.3936997359363974,0.00033437321676981814,0.04335730810480596,0.3729011807590723,-0.029957240447402,0.3729011807590723,0.029957240447402,True,1
CREM,SRA1,-0.3119850005923986,0.06779322067793221,0.18182736886453704,0.35293021565303206,-0.11615320364944637,0.35293021565303206,0.11615320364944637,False,1
CREM,SAT1,0.21837963781101855,0.027197280271972803,0.1212880684318156,0.09795222140382975,0.36925363540649414,0.09795222140382975,0.36925363540649414,False,1
CREM,STX5,-0.4548533495894943,0.014598540145985401,0.0914329619669612,0.3500701282173395,-0.07628380134701729,0.3500701282173395,0.07628380134701729,True,1
CREM,TIMM8B,0.15902465181781764,0.2823717628237176,0.41070605065579,-0.36312671937048435,-0.11608748510479927,0.36312671937048435,0.11608748510479927,False,1
CREM,MIR142,0.3556172111056997,0.0117988201179882,0.08389035310305447,-0.10392026067711413,0.35963899455964565,0.10392026067711413,0.35963899455964565,True,1
CREM,H3F3B,0.15588758359010674,0.07779222077792221,0.1958666048762607,0.14872433710843325,0.35323101934045553,0.14872433710843325,0.35323101934045553,False,1
CREM,SOCS3,0.21217745433795435,0.11938806119388061,0.2442534427677377,0.1369020063430071,0.3743679281324148,0.1369020063430071,0.3743679281324148,False,1
CREM,ATP5D,0.3621433771842869,0.052394760523947606,0.16294986732413416,0.12153802020475268,0.36706872610375285,0.12153802020475268,0.36706872610375285,False,1
CREM,IER2,0.3768794885063005,0.001151731077991799,0.04335730810480596,-0.015644827857613564,0.42370826192200184,0.015644827857613564,0.42370826192200184,True,1
CREM,HCST,0.35901155727709994,0.011398860113988602,0.08300425996047739,-0.3540971602778882,0.020240220008417964,0.3540971602778882,0.020240220008417964,True,1
JUNB,C1orf63,0.21893360510178092,0.06459354064593541,0.1781048724395853,0.12911148823332042,0.3902036365470849,0.12911148823332042,0.3902036365470849,False,1
JUNB,SEP15,0.15935672676350585,0.24717528247175283,0.3787619882539025,0.09636676544323564,0.36609108178527094,0.09636676544323564,0.36609108178527094,False,1
JUNB,NFKBIA,-0.014479160003625098,0.7909209079092091,0.8437236012185524,0.4686507321894169,0.4209065530449152,0.4686507321894169,0.4209065530449152,False,1
JUNB,IER2,-0.012226485223629265,0.8659134086591341,0.9024338405062468,0.3008030545897782,0.3560014581307769,0.3008030545897782,0.3560014581307769,False,1
JUNB,ATF4,-0.1524444003535804,0.3545645435456454,0.473940545643928,0.3574206940829754,0.12226242199540138,0.3574206940829754,0.12226242199540138,False,1
NFE2L2,SH3GLB1,0.608171912921095,0.0012077351790968527,0.04335730810480596,-0.10678188595920801,0.48079962050542235,0.10678188595920801,0.48079962050542235,True,1
NFE2L2,QPCT,0.5026332015635947,0.0023997600239976003,0.046774632881539435,-0.13666156772524118,0.37055780552327633,0.13666156772524118,0.37055780552327633,True,1
NFE2L2,LINC00152,-0.30940204156806084,0.026997300269973004,0.1212880684318156,-0.029700597748160362,-0.4445794243365526,0.029700597748160362,0.4445794243365526,False,1
NFE2L2,ABTB1,0.46885261469070116,0.004399560043995601,0.057005187733375665,-0.36289988970384,0.1584445161279291,0.36289988970384,0.1584445161279291,True,1
NFE2L2,TNFAIP8,0.18041082060612723,0.24097590240975902,0.37254462587929243,0.16601666796486825,0.3747614286839962,0.16601666796486825,0.3747614286839962,False,1
NFE2L2,CD74,0.1900195678502787,0.058394160583941604,0.17058035798487334,0.21790250996127725,0.3518240419216454,0.21790250996127725,0.3518240419216454,False,1
NFE2L2,HLA-DPA1,0.0842241588321726,0.43495650434956507,0.5448402528168236,0.32847832329571247,0.36263411678373814,0.32847832329571247,0.36263411678373814,False,1
NFE2L2,NDUFA1,0.012040093173583585,0.9671032896710329,0.9770422421564814,-0.3578244214877486,-0.19400945302913897,0.3578244214877486,0.19400945302913897,False,1
NFE2L2,UQCRB,-0.30974860649509306,0.07279272072792721,0.18994153671764966,-0.14702534768730402,-0.37745695374906063,0.14702534768730402,0.37745695374906063,False,1
NFE2L2,ZNF706,0.30446922940637494,0.025397460253974602,0.11767142957835364,0.10661899717524648,0.39927821792662144,0.10661899717524648,0.39927821792662144,False,1
NFE2L2,EEF1D,-0.17355782956011376,0.1643835616438356,0.29048162006777045,-0.14254231425002217,-0.4083696157904342,0.14254231425002217,0.4083696157904342,False,1
NFE2L2,ZFAND5,0.23659789615329138,0.21177882211778823,0.34263464530112286,-0.3656272430671379,-0.13849323627073318,0.3656272430671379,0.13849323627073318,False,1
NFE2L2,PCGF5,0.5292258049829041,0.0029997000299970002,0.049870012998700135,-0.07664169068448246,0.5401169192045927,0.07664169068448246,0.5401169192045927,True,1
NFE2L2,ZFAS1,-0.19321609832757952,0.0887911208879112,0.20868682362532975,-0.10322452196851373,-0.35598249826580286,0.10322452196851373,0.35598249826580286,False,1
NFE2L2,RPS28,-0.3323402084466271,0.05599440055994401,0.1674647350079807,-0.0933712711557746,-0.4276762120425701,0.0933712711557746,0.4276762120425701,False,1
NFE2L2,NDUFA6,-0.42699911333605445,0.0423957604239576,0.1483851614838516,0.014696452766656876,-0.3675193628296256,0.014696452766656876,0.3675193628296256,False,1
FOS,LAPTM5,0.33797255695772604,0.015598440155984402,0.09429966094299662,-0.029668904840946198,0.3684472563909367,0.029668904840946198,0.3684472563909367,True,1
FOS,C1orf162,0.26417354087640493,0.05979402059794021,0.17156634590348072,0.12485873070545495,0.4119330309331417,0.12485873070545495,0.4119330309331417,False,1
FOS,CD14,0.2595985426532585,0.011398860113988602,0.08300425996047739,0.08781049167737365,0.360837128944695,0.08781049167737365,0.360837128944695,True,1
FOS,C9orf78,-0.4755728273431346,0.001999800019998,0.04411266190454125,0.39719915110617876,0.007649639621376991,0.39719915110617876,0.007649639621376991,True,1
FOS,VDAC2,0.1995283034510477,0.28917108289171084,0.41750690831300014,-0.4207641379907727,-0.1163552226498723,0.4207641379907727,0.1163552226498723,False,1
FOS,GLIPR1,-0.4124252361261719,0.0005037691558309705,0.04335730810480596,0.08753144461661577,-0.3745046202093363,0.08753144461661577,0.3745046202093363,True,1
FOS,TM9SF2,-0.38437461668371437,0.011398860113988602,0.08300425996047739,0.06934304093010724,-0.35894913971424103,0.06934304093010724,0.35894913971424103,True,1
FOS,COTL1,0.17780772886309743,0.18638136186381363,0.31554343629658005,0.09291180549189448,0.3745707590132952,0.09291180549189448,0.3745707590132952,False,1
YBX1,PARK7,0.08599551013279778,0.5135486451354865,0.6152466321164494,0.3702634465880692,0.4107318059541285,0.3702634465880692,0.4107318059541285,False,1
YBX1,ENO1,-0.13138819362156764,0.23057694230576942,0.3619121600509161,0.37337595131248236,0.3173207575455308,0.37337595131248236,0.3173207575455308,False,1
YBX1,ILF2,0.11561776794057316,0.45335466453354667,0.5616629569919721,0.27260408317670226,0.3532179147005081,0.27260408317670226,0.3532179147005081,False,1
YBX1,TPM3,0.13213903955736106,0.37076292370762925,0.48894428142487595,0.13981150137260556,0.404771170578897,0.13981150137260556,0.404771170578897,False,1
YBX1,PFDN2,0.2371275092279533,0.16598340165983402,0.29250855117138325,0.09034471120685339,0.39012915804050863,0.09034471120685339,0.39012915804050863,False,1
YBX1,CACYBP,0.2189718865648114,0.036996300369963,0.14046790115278981,0.12746389908716083,0.4051383533515036,0.12746389908716083,0.4051383533515036,False,1
YBX1,ITGB1BP1,-0.37391156845269763,0.009799020097990201,0.07932540079325401,0.3574430551379919,0.06177218444645405,0.3574430551379919,0.06177218444645405,True,1
YBX1,PDIA6,0.043885090830532124,0.6911308869113089,0.7658156997336287,0.35618917644023895,0.35647186799906194,0.35618917644023895,0.35647186799906194,False,1
YBX1,CCT4,0.1964311592911917,0.09779022097790221,0.2196884922315899,0.25852494360879064,0.47580377556732856,0.25852494360879064,0.47580377556732856,False,1
YBX1,MDH1,0.17687635326744144,0.21297870212978703,0.3442064657008209,0.3242857586592436,0.5263426136225462,0.3242857586592436,0.5263426136225462,False,1
YBX1,PLEKHB2,0.07631015974566385,0.6227377262273772,0.7107571928319535,0.12490130262449384,0.36270735785365105,0.12490130262449384,0.36270735785365105,False,1
YBX1,HSPD1,0.168028141921461,0.11938806119388061,0.2442534427677377,0.273824003059417,0.4490919504314661,0.273824003059417,0.4490919504314661,False,1
YBX1,PTMA,0.2430367207462925,0.0023997600239976003,0.046774632881539435,0.2139281284325989,0.42828404204919934,0.2139281284325989,0.42828404204919934,True,1
YBX1,EMC3,0.2759991081347211,0.044995500449955005,0.1522976444870483,0.140131670050323,0.4082258027046919,0.140131670050323,0.4082258027046919,False,1
YBX1,LSM3,-0.5459930566093047,0.0005214435867374966,0.04335730810480596,0.10666727274656296,-0.3656707948539406,0.10666727274656296,0.3656707948539406,True,1
YBX1,PDCD6,0.44021479682081316,0.0021997800219978004,0.04584057723259933,0.1834455863572657,0.45087007246911526,0.1834455863572657,0.45087007246911526,True,1
YBX1,MRPS36,0.2025319341452412,0.23017698230176983,0.361660984700696,0.20064664748497307,0.40452316775918007,0.20064664748497307,0.40452316775918007,False,1
YBX1,HINT1,0.3809242701674662,0.0013998600139986002,0.04335730810480596,0.1341267831157893,0.4675377723760903,0.1341267831157893,0.4675377723760903,True,1
YBX1,CD74,0.011686106706674687,0.8499150084991501,0.8919275164616284,0.4031236171722412,0.4288385659456253,0.4031236171722412,0.4288385659456253,False,1
YBX1,NPM1,0.09168158084529417,0.40975902409759024,0.5223936585760651,0.4007457122206688,0.4053790047764778,0.4007457122206688,0.4053790047764778,False,1
YBX1,HLA-DRB1,-0.037208181429901385,0.5673432656734326,0.6627554242767405,0.3782331496477127,0.2846806887537241,0.3782331496477127,0.2846806887537241,False,1
YBX1,HLA-DMA,0.07811372178783313,0.42075792420757924,0.5323635515575471,0.3274988841731101,0.3676179423928261,0.3274988841731101,0.3676179423928261,False,1
YBX1,HLA-DPA1,-0.04704871914181658,0.4961503849615039,0.6008548582742155,0.432955764234066,0.32092502899467945,0.432955764234066,0.32092502899467945,False,1
YBX1,HLA-DPB1,-0.03737748996640334,0.5983401659834017,0.6902281200451383,0.4321219976991415,0.3769654333591461,0.4321219976991415,0.3769654333591461,False,1
YBX1,HSP90AB1,0.12567508544930928,0.1401859814018598,0.26680177100135105,0.24789266218431294,0.3933950290083885,0.24789266218431294,0.3933950290083885,False,1
YBX1,MRPL18,0.2769385831274483,0.041195880411958805,0.14656787665057255,0.06532968766987324,0.38317131204530597,0.06532968766987324,0.38317131204530597,False,1
YBX1,CYCS,0.23210103078550398,0.10538946105389461,0.22780317388108517,0.2157996827736497,0.3783629909157753,0.2157996827736497,0.3783629909157753,False,1
YBX1,CCT6A,0.01353359589960496,0.9311068893110689,0.949158104928912,0.24268879042938352,0.4110685819759965,0.24268879042938352,0.4110685819759965,False,1
YBX1,PGK1,0.01772651213565286,0.8961103889611038,0.925162369607788,0.3524396219290793,0.2534746283199638,0.3524396219290793,0.2534746283199638,False,1
YBX1,HPRT1,0.04036193432219316,0.8075192480751925,0.8575862000460357,0.25730891339480877,0.3809133004397154,0.25730891339480877,0.3809133004397154,False,1
YBX1,FABP5,0.1402709250178251,0.06159384061593841,0.1745158817451588,0.15393093321472406,0.35323998145759106,0.15393093321472406,0.35323998145759106,False,1
YBX1,PUF60,0.6260909358149991,0.0010145340294039375,0.04335730810480596,-0.012501046062425303,0.5907571520656347,0.012501046062425303,0.5907571520656347,True,1
YBX1,NANS,0.1817687034782226,0.1491850814918508,0.27742063575983267,0.23192238807678223,0.4717172384262085,0.23192238807678223,0.4717172384262085,False,1
YBX1,PSMB7,0.3384203998261809,0.013798620137986202,0.08965137968961724,0.107322545372881,0.4560605054721236,0.107322545372881,0.4560605054721236,True,1
YBX1,MRPS16,-0.08808082273079063,0.6153384661533846,0.7044457073280013,0.37886860268190503,0.167337465332821,0.37886860268190503,0.167337465332821,False,1
YBX1,NDUFB8-1,0.40430597390829476,0.006999300069993001,0.06850830068508301,0.060392413288354874,0.39495740458369255,0.060392413288354874,0.39495740458369255,True,1
YBX1,IFITM3,-0.19185767787335362,0.0273972602739726,0.12169981430147751,-0.15879643196240067,-0.3686357291880995,0.15879643196240067,0.3686357291880995,False,1
YBX1,RNH1,0.051423323102984475,0.6567343265673433,0.7383770822321051,0.4618434403091669,0.4345055799931288,0.4618434403091669,0.4345055799931288,False,1
YBX1,TSSC4,0.3741354292270664,0.021597840215978402,0.11035642198492016,-0.04457733780145645,0.40357956290245056,0.04457733780145645,0.40357956290245056,False,1
YBX1,EIF3M,0.12270650617433573,0.44495550444955506,0.5544471730837387,0.29446358792483807,0.36638808995485306,0.29446358792483807,0.36638808995485306,False,1
YBX1,GSTP1,0.11460617585284667,0.22877712228777122,0.36021244672190167,0.23939143307507038,0.35897744446992874,0.23939143307507038,0.35897744446992874,False,1
YBX1,NDUFC2,0.3071286664642042,0.06479352064793521,0.17833006717587524,0.0805721856886521,0.3609134922735393,0.0805721856886521,0.3609134922735393,False,1
YBX1,HSPA8,-0.12958837312678534,0.10378962103789621,0.2261863452208996,0.5287906490266323,0.379951192997396,0.5287906490266323,0.379951192997396,False,1
YBX1,TUBA1B,0.07056182753347022,0.5595440455954405,0.6563575030305011,0.3301343857892789,0.39773051254451275,0.3301343857892789,0.39773051254451275,False,1
YBX1,HNRNPA1,-0.14893703130255098,0.26717328267173285,0.3968980237324494,0.37114814668893814,0.16900228639133275,0.37114814668893814,0.16900228639133275,False,1
YBX1,VPS29,-0.1997038216369863,0.1317868213178682,0.25709232355452977,0.40472185984253883,0.10999807144980878,0.40472185984253883,0.10999807144980878,False,1
YBX1,NEDD8,0.07392148137710097,0.5763423657634237,0.6711872722076235,0.32995797018520534,0.38789381785318255,0.32995797018520534,0.38789381785318255,False,1
YBX1,RPS29,0.19094832971151351,0.22797720227977203,0.35932830558003803,-0.3555641770362854,0.006527364253997803,0.3555641770362854,0.006527364253997803,False,1
YBX1,RPL36AL,0.3597848656776358,0.006199380061993801,0.06489258481559251,0.09794335556216538,0.41273637721315026,0.09794335556216538,0.41273637721315026,True,1
YBX1,LGALS3,0.023337601074374794,0.7579242075792421,0.8177841247132743,0.35556573420763016,0.3719582511112094,0.35556573420763016,0.3719582511112094,False,1
YBX1,ACTR10,-0.35637321498058644,0.021397860213978603,0.10970648966849347,0.35691826045513153,-0.07997821597382426,0.35691826045513153,0.07997821597382426,False,1
YBX1,SPNS1,0.28426007154313526,0.0347965203479652,0.13646996098308642,0.19713742472231388,0.3536758292466402,0.19713742472231388,0.3536758292466402,False,1
YBX1,EIF4A1,0.03679840721734209,0.6777322267773223,0.7544818142508742,0.45153649523854256,0.39527968410402536,0.45153649523854256,0.39527968410402536,False,1
YBX1,SAT2,-0.14551061924912487,0.1857814218578142,0.3147634281157871,-0.05944898282177746,-0.36080401856452227,0.05944898282177746,0.36080401856452227,False,1
YBX1,VAMP2,0.5124827909826477,0.003999600039996,0.05599440055994401,-0.37575522577390075,0.24284183542476967,0.37575522577390075,0.24284183542476967,True,1
YBX1,FKBP1A,0.34833371056718504,0.007799220077992201,0.071104986275566,0.04547261446714401,0.41656783781945705,0.04547261446714401,0.41656783781945705,True,1
YBX1,SNRPB,0.43746507076923935,0.0017998200179982,0.043993438493988436,0.07940569706261158,0.42231724224984646,0.07940569706261158,0.42231724224984646,True,1
YBX1,TMEM230,-0.19799704545726593,0.2233776622337766,0.3541773452388281,0.39419312588870525,0.10965701378881931,0.39419312588870525,0.10965701378881931,False,1
YBX1,CST3,-0.1242724897386156,0.13058694130586943,0.25618835079615687,0.3764939331449568,0.23823181027546525,0.3764939331449568,0.23823181027546525,False,1
YBX1,HM13,-0.35641796973584167,0.006199380061993801,0.06489258481559251,0.46653398498892784,0.1379882034379989,0.46653398498892784,0.1379882034379989,True,1
YBX1,PSMA7,0.0486038078946605,0.7037296270372962,0.7759730244971114,0.34001952037215233,0.4098579902201891,0.34001952037215233,0.4098579902201891,False,1
YBX1,EIF3G,0.2532070297300235,0.14478552144785523,0.2718937408584723,0.029744114726781845,0.355005887337029,0.029744114726781845,0.355005887337029,False,1
YBX1,DDX39A,-0.16958092986280776,0.30416958304169583,0.43009845356927723,0.4974336717277765,0.2126966305077076,0.4974336717277765,0.2126966305077076,False,1
YBX1,PDCD5,-0.09732956678189607,0.5609439056094391,0.657487905952795,0.4178029429167509,0.28223720635287464,0.4178029429167509,0.28223720635287464,False,1
YBX1,IL4I1,-0.2461087618740209,0.0047995200479952005,0.059137410509630235,0.37177115865051746,0.10215733502991498,0.37177115865051746,0.10215733502991498,True,1
YBX1,OSCAR,0.022178348139618838,0.8719128087191281,0.9068047897440654,-0.38247522548772395,-0.20026271790266037,0.38247522548772395,0.20026271790266037,False,1
YBX1,SOD1,0.19803013285132512,0.0781921807819218,0.1961092853554356,0.23062410322017968,0.3919556178152561,0.23062410322017968,0.3919556178152561,False,1
YBX1,CSTB,-0.009713967955390309,0.8955104489551045,0.9249606210879254,0.34026737324893475,0.36460823751986027,0.34026737324893475,0.36460823751986027,False,1
MAX,PSMD2,0.42426974871241424,0.0341965803419658,0.13552755153932458,0.14344478771090508,0.390931872301735,0.14344478771090508,0.390931872301735,False,1
MAX,SLC25A3,-0.4282215960291891,0.024197580241975804,0.11469754492056036,0.4289560541510582,0.02313095796853304,0.4289560541510582,0.02313095796853304,False,1
MAX,SRP54,0.3195970805085577,0.04999500049995,0.15999815446622356,-0.019964521983638406,0.3879649848677218,0.019964521983638406,0.3879649848677218,False,1
MAX,EMILIN2,-0.16703170135533227,0.28117188281171884,0.4094876824716885,-0.1347814602777362,-0.3835657387971878,0.1347814602777362,0.3835657387971878,False,1
SPI1,FGR,0.04871526731303405,0.7833216678332167,0.8373949366292686,0.2322160315234214,0.40597127191722393,0.2322160315234214,0.40597127191722393,False,1
SPI1,PLEKHO1,0.6373718411457671,0.0007154910066368231,0.04335730810480596,-0.13564687897451222,0.35927903465926647,0.13564687897451222,0.35927903465926647,True,1
SPI1,ITGB1BP1,0.2158508959248457,0.19458054194580543,0.3234901509849015,-0.3664367198944092,-0.18841314339078963,0.3664367198944092,0.18841314339078963,False,1
SPI1,DGUOK,-0.6412221740408425,0.00020601022868287438,0.04335730810480596,0.36215044744312763,-0.1395985335111618,0.36215044744312763,0.1395985335111618,True,1
SPI1,CCR5,-0.26251877505708615,0.0527947205279472,0.16351899056669675,-0.04374692216515541,-0.3523989347741008,0.04374692216515541,0.3523989347741008,False,1
SPI1,PDCD6,-0.2693250149149666,0.15658434156584342,0.2836836508656827,-0.0033549161162227392,-0.40388147067278624,0.0033549161162227392,0.40388147067278624,False,1
SPI1,CAST,-0.44246098600335443,0.0053994600539946005,0.0619704527009228,0.007067312486469746,-0.3943772850325331,0.007067312486469746,0.3943772850325331,True,1
SPI1,RAC1,0.3476786809541296,0.013398660133986601,0.0891010898910109,0.13778494764119387,0.4597052540630102,0.13778494764119387,0.4597052540630102,True,1
SPI1,BUD31,0.3602475752519236,0.06359364063593641,0.17685759099366816,-0.09033678146079183,0.3811861053109169,0.09033678146079183,0.3811861053109169,False,1
SPI1,ZFAND5,-0.5228649637866791,0.004199580041995801,0.05601917684337761,0.4065154669806361,-0.02169058844447136,0.4065154669806361,0.02169058844447136,True,1
SPI1,TPT1,0.21971831013009857,0.1197880211978802,0.24433082176671822,0.02005993388593197,0.35662382980808616,0.02005993388593197,0.35662382980808616,False,1
SPI1,ANPEP,0.28856358560332745,0.09299070092990701,0.21465234793519117,0.13155739847570658,0.42561168782413006,0.13155739847570658,0.42561168782413006,False,1
SPI1,PPP4C,0.27634895650295493,0.1131886811318868,0.23751239725215414,0.1135882749222219,0.3668029671534896,0.1135882749222219,0.3668029671534896,False,1
SPI1,HSBP1,0.4201513346517644,0.030996900309969003,0.12859448000154114,0.02499968488700688,0.3580824574455619,0.02499968488700688,0.3580824574455619,False,1
SPI1,FKBP1A,-0.24816209039106613,0.10418958104189581,0.22640330873207729,-0.09891947265714407,-0.3645256906747818,0.09891947265714407,0.3645256906747818,False,1
SPI1,STK4,-0.27939980564446665,0.11958804119588042,0.2442534427677377,-0.15896218083798885,-0.35722294147126377,0.15896218083798885,0.35722294147126377,False,1
SPI1,WDR83OS,-0.3657317689231593,0.0377962203779622,0.14113501944603227,-0.073774179443717,-0.3612304665148258,0.073774179443717,0.3612304665148258,False,1
SPI1,EMP3,0.29333106392174424,0.0037996200379962005,0.05524720839813125,0.07194332173094153,0.3898708000779152,0.07194332173094153,0.3898708000779152,True,1
SPI1,NDUFA6,-0.039951978592792085,0.8387161283871613,0.8822224546561394,0.2521839030086994,0.3563786551821977,0.2521839030086994,0.3563786551821977,False,1
ZNF655,LAMTOR5,0.2452655987966397,0.1591840815918408,0.2855336838390734,-0.3683420866727829,-0.08197627775371075,0.3683420866727829,0.08197627775371075,False,1
ZNF655,ATP5G3,0.4897451097596146,0.032996700329967,0.1323966982183769,0.07515018247067928,0.3619623497943394,0.07515018247067928,0.3619623497943394,False,1
ZNF655,TMEM165,0.30277966690623287,0.1493850614938506,0.27742063575983267,-0.3966384418308735,-0.0982604417949915,0.3966384418308735,0.0982604417949915,False,1
ZNF655,PSMB8,0.574903170293968,0.0065993400659934,0.06631603506316035,-0.0587093373760581,0.3805853135418147,0.0587093373760581,0.3805853135418147,True,1
ZNF655,YWHAZ,0.2783991914651498,0.12418758124187582,0.2492570982582168,-0.35861080838367343,-0.0432799782447546,0.35861080838367343,0.0432799782447546,False,1
ZNF655,PSMA6,0.21318934069516665,0.34956504349565043,0.4704562877045628,-0.40059274807572365,-0.13860085979104042,0.40059274807572365,0.13860085979104042,False,1
ZNF655,VPS35,0.5950130380502269,0.0031996800319968005,0.05112704277275453,-0.3976365886628628,0.14725712779909372,0.3976365886628628,0.14725712779909372,True,1
ZNF655,EIF1,-0.5446987720709222,0.00020382498035810827,0.04335730810480596,0.38947213627398014,-0.08932629693299532,0.38947213627398014,0.08932629693299532,True,1
ZNF655,MYL12B,-0.47818009552255647,0.009599040095990401,0.07863561469939963,0.37087233550846577,-0.09630153561010957,0.37087233550846577,0.09630153561010957,True,1
TGIF1,SZRD1,-0.5438957134336035,0.0025997400259974,0.047024097590240975,0.13172446098178625,-0.3774385213764617,0.13172446098178625,0.3774385213764617,True,1
TGIF1,TIPRL,-0.48924242464500245,0.0047995200479952005,0.059137410509630235,-0.009504876099526882,-0.3513215444982052,0.009504876099526882,0.3513215444982052,True,1
TGIF1,AZI2,-0.3564455685762125,0.05979402059794021,0.17156634590348072,-0.05900119699072093,-0.4243447296321392,0.05900119699072093,0.4243447296321392,False,1
TGIF1,SS18L2,0.7068392684667671,0.0017848949785365048,0.043993438493988436,-0.2093836199492216,0.40682738390751183,0.2093836199492216,0.40682738390751183,True,1
TGIF1,DNAJB11,-0.5379928101846826,0.0023997600239976003,0.046774632881539435,0.052512988972011954,-0.39351032860577106,0.052512988972011954,0.39351032860577106,True,1
TGIF1,ST8SIA4,-0.2544749983941809,0.12818718128187181,0.2533489658027204,-0.14601301681250334,-0.4039233913645148,0.14601301681250334,0.4039233913645148,False,1
TGIF1,NELFE,-0.7425058114644231,4.106662221857998e-05,0.03714065313448373,0.08070146038153325,-0.4850447252392769,0.08070146038153325,0.4850447252392769,True,1
TGIF1,MSN,-0.36718882471285763,0.0221977802219778,0.11116097692556325,0.018663094844669104,-0.36283393390476704,0.018663094844669104,0.36283393390476704,False,1
TGIF1,TLN1,-0.5700657872469792,0.0031996800319968005,0.05112704277275453,0.35298736253753304,-0.2434551347978413,0.35298736253753304,0.2434551347978413,True,1
TGIF1,SEC61B,-0.28229161731145724,0.11958804119588042,0.2442534427677377,-0.16238304530270398,-0.4496138272807002,0.16238304530270398,0.4496138272807002,False,1
TGIF1,DDIT4,0.1624999149551148,0.3103689631036896,0.43532520197111796,0.2870176937431097,0.3516458822414279,0.2870176937431097,0.3516458822414279,False,1
TGIF1,PPIF,0.1772228334113339,0.23257674232576742,0.3640401622696851,0.22362680721562356,0.3864613063633442,0.22362680721562356,0.3864613063633442,False,1
TGIF1,CARD16,-0.18137621274433122,0.16618338166183383,0.29274688425197215,-0.19121661596000195,-0.36135189328342676,0.19121661596000195,0.36135189328342676,False,1
TGIF1,RPL21,0.199766550054547,0.100989901009899,0.22331360995929747,0.10769167263060808,0.3963755276054144,0.10769167263060808,0.3963755276054144,False,1
TGIF1,LCP1,-0.3727308109561219,0.014198580141985802,0.090682853720199,0.03260956454323605,-0.36479152739048004,0.03260956454323605,0.36479152739048004,True,1
TGIF1,SERF2,0.04467685073088077,0.7635236476352365,0.821493397758226,-0.35433107567951083,-0.31902811978943646,0.35433107567951083,0.31902811978943646,False,1
TGIF1,RAB11A,0.3823266427324267,0.0387961203879612,0.1426309401580167,-0.0022529002744704485,0.42775508016347885,0.0022529002744704485,0.42775508016347885,False,1
TGIF1,HM13,0.14812039028994559,0.37916208379162086,0.49683307531315835,0.2248118743300438,0.37374949268996716,0.2248118743300438,0.37374949268996716,False,1
TGIF1,MAPRE1,-0.4204438459037682,0.0443955604439556,0.15208842752088428,-0.06483903666958213,-0.3757810927927494,0.06483903666958213,0.3757810927927494,False,1
TGIF1,TPD52L2,0.5437051090305256,0.0029997000299970002,0.049870012998700135,-0.1091484222561121,0.3786216899752617,0.1091484222561121,0.3786216899752617,True,1
TGIF1,CYTH2,-0.536316290719103,0.004999500049995001,0.05996747805325568,0.1406302674440667,-0.35144940577447414,0.1406302674440667,0.35144940577447414,True,1
TGIF1,IL4I1,-0.3793894347050075,0.001999800019998,0.04411266190454125,0.03636754141189158,-0.41940164379775524,0.03636754141189158,0.41940164379775524,True,1
MSC,THEMIS2,0.1816457014192714,0.2673732626737326,0.39706466134995694,-0.36757054971531034,-0.0822439044713974,0.36757054971531034,0.0822439044713974,False,1
MSC,TXNDC12,0.401811162560991,0.0211978802119788,0.10930081450235819,-0.06262193247675896,0.3815200917888433,0.06262193247675896,0.3815200917888433,False,1
MSC,BTF3,0.1797447396040191,0.13258674132586742,0.2583185024883983,-0.35787736903876066,-0.13945374311879277,0.35787736903876066,0.13945374311879277,False,1
MSC,TNFAIP8,0.39678717891135734,0.001999800019998,0.04411266190454125,0.04720940301194787,0.3902993407100439,0.04720940301194787,0.3902993407100439,True,1
MSC,SRA1,0.41636176383363377,0.009999000099990002,0.07932540079325401,-0.41489154659211636,-0.002763727679848671,0.41489154659211636,0.002763727679848671,True,1
MSC,G3BP1,0.26266313942231373,0.1541845815418458,0.28243688762436886,0.06378478603437543,0.3531402100343257,0.06378478603437543,0.3531402100343257,False,1
MSC,SOD2,0.21588670994710993,0.010998900109989001,0.08275711530344469,0.13012708205496892,0.35546587221324444,0.13012708205496892,0.35546587221324444,True,1
MSC,WTAP,0.20846259625002408,0.050994900509949,0.16177725344167193,0.11735122441314161,0.3745169822941534,0.11735122441314161,0.3745169822941534,False,1
MSC,CFL1,-0.5620916600880991,3.0941573732286187e-06,0.006995889820869907,0.3798557873815298,-0.15869418997317553,0.3798557873815298,0.15869418997317553,True,1
MSC,DRAM1,0.21631797861841728,0.097990200979902,0.2196884922315899,0.17366496194154024,0.48574040830135345,0.17366496194154024,0.48574040830135345,False,1
MSC,TXNRD1,0.1555330418333404,0.25137486251374863,0.3824754805811478,0.1861340168688912,0.43198918737471104,0.1861340168688912,0.43198918737471104,False,1
MSC,RPS29,0.0941482509284824,0.5317468253174683,0.6324458558878463,-0.35323550179600716,-0.2706936246249825,0.35323550179600716,0.2706936246249825,False,1
MSC,SDF2,0.28290675961126793,0.1513848615138486,0.2794132015369891,-0.39023755863308907,-0.023301496054045856,0.39023755863308907,0.023301496054045856,False,1
MSC,RPL23,0.23472958987776693,0.0665933406659334,0.17988953792792764,-0.4556811284273863,-0.08831990603357553,0.4556811284273863,0.08831990603357553,False,1
MSC,SMCHD1,-0.09983315509780907,0.44555544445555445,0.5548889341305473,-0.19792329892516136,-0.3588440201128833,0.19792329892516136,0.3588440201128833,False,1
REL,UGP2,-0.30939084962409513,0.0731926807319268,0.19010758315322976,-0.06815220648422837,-0.425788551568985,0.06815220648422837,0.425788551568985,False,1
REL,HSD17B11,-0.3077397019826725,0.06459354064593541,0.1781048724395853,0.05383718176744878,-0.36427585408091545,0.05383718176744878,0.36427585408091545,False,1
REL,PPP1R11,-0.2177342733515446,0.17178282171782822,0.29899996913318677,-0.1254947343841195,-0.3710667286068201,0.1254947343841195,0.3710667286068201,False,1
REL,EZR,-0.463548351034582,0.010798920107989201,0.0816600614186073,0.3926466563716531,-0.06706737936474383,0.3926466563716531,0.06706737936474383,True,1
REL,EPC1,-0.6071594835933373,0.007399260073992601,0.06956227454177659,0.4388032059650868,-0.13951303297653794,0.4388032059650868,0.13951303297653794,True,1
REL,PTGES3,-0.34636397403124053,0.0461953804619538,0.1535996400359964,0.3879817135166377,-0.016348194796591997,0.3879817135166377,0.016348194796591997,False,1
REL,ANAPC11,0.20657790406334242,0.2635736426357364,0.3938797131522802,-0.4236491098999977,-0.16347862966358662,0.4236491098999977,0.16347862966358662,False,1
REL,SIRPA,0.24476302588457882,0.11678832116788321,0.2409021392942673,-0.3754714373499155,-0.2551140929572284,0.3754714373499155,0.2551140929572284,False,1
REL,HCK,-0.3758770881926486,0.021597840215978402,0.11035642198492016,0.045977792353369296,-0.36048977449536324,0.045977792353369296,0.36048977449536324,False,1
ATF4,LAPTM5,0.07448633381403333,0.6775322467753224,0.7544449199502605,0.19706557923927903,0.36559654027223587,0.19706557923927903,0.36559654027223587,False,1
ATF4,SFPQ,-0.1899783029273286,0.3447655234476552,0.4662170146621701,-0.16286452749045566,-0.37914648395963013,0.16286452749045566,0.37914648395963013,False,1
ATF4,PDE4DIP,-0.36773895579417776,0.021397860213978603,0.10970648966849347,-0.12741092429496348,-0.4183980002999306,0.12741092429496348,0.4183980002999306,False,1
ATF4,RPS7,0.4452394822996171,0.008799120087991202,0.07479252074792521,0.021656409604474902,0.46539415791630745,0.021656409604474902,0.46539415791630745,True,1
ATF4,ARPC2,0.31330471526438464,0.067993200679932,0.18225563335782605,-0.4305334356613457,-0.0590510779293254,0.4305334356613457,0.0590510779293254,False,1
ATF4,RPL32,-0.3058528845572941,0.040995900409959006,0.14597122964868867,0.4078812946099788,0.07681570394197479,0.4078812946099788,0.07681570394197479,False,1
ATF4,RPL35A,0.08594647133450396,0.6037396260373963,0.6948614377554355,0.3674638490192592,0.48880912363529205,0.3674638490192592,0.48880912363529205,False,1
ATF4,MRPS18C,-0.14827639297720607,0.5125487451254874,0.614623554881319,-0.12505710776895285,-0.37446819548495114,0.12505710776895285,0.37446819548495114,False,1
ATF4,RPL34,0.1059595358147702,0.48055194480551944,0.5860452789672489,0.39863073639571667,0.31736205762717873,0.39863073639571667,0.31736205762717873,False,1
ATF4,DDX60L,0.20606591067693839,0.2191780821917808,0.35016858356522274,-0.3721905071288347,-0.14008818939328194,0.3721905071288347,0.14008818939328194,False,1
ATF4,HLA-A,0.07167754720690361,0.6801319868013199,0.7560365890647908,0.38513866253197193,0.24245901801623404,0.38513866253197193,0.24245901801623404,False,1
ATF4,HLA-E,-0.048954807338590686,0.7775222477752225,0.8331648351752503,0.38145685475319624,0.22985486930701882,0.38145685475319624,0.22985486930701882,False,1
ATF4,ACTB,0.22390727411104727,0.059394060593940604,0.17150698723231125,-0.35382361989468336,-0.1594868586398661,0.35382361989468336,0.1594868586398661,False,1
ATF4,CPVL,0.1710219224124786,0.21697830216978303,0.3486765751285568,-0.36357044614851475,-0.19849391095340252,0.36357044614851475,0.19849391095340252,False,1
ATF4,UPP1,-0.23730768866316057,0.20577942205779423,0.3356906733569068,0.46885633654892445,0.12618270330131054,0.46885633654892445,0.12618270330131054,False,1
ATF4,PSMC2,0.05429099287211809,0.7217278272172782,0.7894661912618607,-0.22702438244596124,-0.3692204002290964,0.22702438244596124,0.3692204002290964,False,1
ATF4,SAT1,-0.1895014209135927,0.1665833416658334,0.29333717718570823,0.414727246388793,0.24675323441624641,0.414727246388793,0.24675323441624641,False,1
ATF4,LYN,0.454572653865948,0.0071992800719928,0.06882694394408338,-0.4807718344964087,-0.004399728029966354,0.4807718344964087,0.004399728029966354,True,1
ATF4,RPL7,0.29190433926259146,0.043195680431956804,0.14933552516308002,0.17926942248595878,0.35802970081567764,0.17926942248595878,0.35802970081567764,False,1
ATF4,RPL30,0.40713678081647214,0.016998300169983,0.09791887053332882,0.050813714042305946,0.4604403654811904,0.050813714042305946,0.4604403654811904,True,1
ATF4,VPS26A,0.11086918755231943,0.5227477252274773,0.6237111381210164,-0.37271104753017426,-0.1226604706607759,0.37271104753017426,0.1226604706607759,False,1
ATF4,PSMD13,0.5034947646208655,0.0071992800719928,0.06882694394408338,-0.5345861986279488,-0.17232440412044525,0.5345861986279488,0.17232440412044525,True,1
ATF4,TALDO1,-0.01416823031021435,0.9035096490350965,0.9304647307986122,-0.36253086803480983,-0.2904332969337702,0.36253086803480983,0.2904332969337702,False,1
ATF4,UBXN1,-0.4072573352822731,0.0983901609839016,0.22014859375022416,0.4884793274104595,0.16554135270416737,0.4884793274104595,0.16554135270416737,False,1
ATF4,CFL1,0.1758672772515702,0.2735726427357264,0.4033568602709341,-0.49815323017537594,-0.29808946000412107,0.49815323017537594,0.29808946000412107,False,1
ATF4,EMP1,0.07412309573198474,0.6123387661233877,0.7024342720471738,-0.3742928297724575,-0.19591770879924297,0.3742928297724575,0.19591770879924297,False,1
ATF4,MYL6,0.36481977754722744,0.019598040195980403,0.10537733384806586,-0.38521364238113165,0.03833571048016893,0.38521364238113165,0.03833571048016893,False,1
ATF4,LINC00936,-0.48467794920922314,0.013598640135986401,0.08912036332598625,0.3665854465216398,-0.004551356192678213,0.3665854465216398,0.004551356192678213,True,1
ATF4,RPL21,-0.18530109203203773,0.18918108189181082,0.31885085811210157,0.4729698561131954,0.2147444598376751,0.4729698561131954,0.2147444598376751,False,1
ATF4,TM9SF2,0.4466890317895534,0.017998200179982,0.10110293318494237,-0.48036830872297287,-0.21014492958784103,0.48036830872297287,0.21014492958784103,False,1
ATF4,PSMA6,0.09447345906538701,0.7411258874112588,0.8052309617668699,0.35995235200971365,0.21711918836990662,0.35995235200971365,0.21711918836990662,False,1
ATF4,PSMC6,-0.4552197314006794,0.019598040195980403,0.10537733384806586,-0.031069626566022635,-0.3905688105151057,0.031069626566022635,0.3905688105151057,False,1
ATF4,ANXA2,0.149688787414649,0.267973202679732,0.397694395312684,-0.5168551579117775,-0.25467846915125847,0.5168551579117775,0.25467846915125847,False,1
ATF4,RPL4,-0.13625194284525896,0.48775122487751227,0.5932251314943815,0.4082456799224019,0.10495908161101397,0.4082456799224019,0.10495908161101397,False,1
ATF4,CIB1,-0.5334336004625657,0.004399560043995601,0.057005187733375665,0.38949252758175135,-0.060710636200383306,0.38949252758175135,0.060710636200383306,True,1
ATF4,RPS15A,0.03557313480630126,0.8157184281571843,0.8642639953436709,0.36635505268350244,0.2316892723320052,0.36635505268350244,0.2316892723320052,False,1
ATF4,RPL26,-0.017876663108681128,0.8957104289571043,0.9249606210879254,0.33640475012362003,0.3868441879749298,0.33640475012362003,0.3868441879749298,False,1
ATF4,H3F3B,-0.3853065162869216,0.0091990800919908,0.07646735326467353,0.5016732696967665,0.09225320955738425,0.5016732696967665,0.09225320955738425,True,1
ATF4,ZFAS1,0.0768016417249555,0.6621337866213378,0.7426014343010143,0.3133616764098406,0.4844211619347334,0.3133616764098406,0.4844211619347334,False,1
ATF4,CFD,0.34729733970670923,0.033396660333966606,0.13329187822612268,-0.3889272687956691,-0.001603978220373392,0.3889272687956691,0.001603978220373392,False,1
ATF4,GPX4,-0.3636282925646157,0.017198280171982803,0.09856859687922209,0.4232519343495369,0.04418096458539367,0.4232519343495369,0.04418096458539367,True,1
ATF4,RPS15,-0.14578461749834914,0.38996100389961,0.5049838658745809,0.3689170451252721,0.251758940750733,0.3689170451252721,0.251758940750733,False,1
ATF4,RPL36,-0.09633933607886687,0.6031396860313969,0.694347673175656,0.46727269818075,0.2757018031552434,0.46727269818075,0.2757018031552434,False,1
ATF4,JUNB,-0.1524444003535804,0.3545645435456454,0.473940545643928,0.3574206940829754,0.12226242199540138,0.3574206940829754,0.12226242199540138,False,1
ATF4,CALR,0.11537734177410872,0.4443555644435556,0.5538522222750161,-0.36119351955130696,-0.28067813254892826,0.36119351955130696,0.28067813254892826,False,1
ATF4,RAB8A,0.09347933295330214,0.6865313468653135,0.7618392025828092,-0.37174477532244055,-0.07856094557791948,0.37174477532244055,0.07856094557791948,False,1
ATF4,RPS16,0.07103625519897983,0.6739326067393261,0.7519554901934572,0.32392607629299164,0.35268126252049115,0.32392607629299164,0.35268126252049115,False,1
ATF4,GLTSCR2,0.2907848173264557,0.13138686131386862,0.2569772434521254,0.18203258933499455,0.3720179331721738,0.18203258933499455,0.3720179331721738,False,1
ATF4,RPL18,-0.1464568542600749,0.39416058394160586,0.5086741325867413,0.35867443308234215,0.22831063531339169,0.35867443308234215,0.22831063531339169,False,1
ATF4,RPL28,0.21802204174438533,0.1977802219778022,0.3276051881991288,0.25001320894807577,0.3780604312196374,0.25001320894807577,0.3780604312196374,False,1
ATF5,RPL17,-0.429415614878696,0.0071992800719928,0.06882694394408338,0.10305710695683956,-0.3501690346747637,0.10305710695683956,0.3501690346747637,True,1
NR3C1,RPL5,0.49269712643707947,0.0010031903068258628,0.04335730810480596,-0.04497755493503064,0.39602629747241735,0.04497755493503064,0.39602629747241735,True,1
NR3C1,NRBP1,-0.19184303516289586,0.23777622237776222,0.36898561344963654,-0.14713277691043913,-0.39038600493222475,0.14713277691043913,0.39038600493222475,False,1
NR3C1,CXCR4,0.4313110202587776,0.0027997200279972004,0.048693592179243614,0.024892126501072198,0.4063020907342434,0.024892126501072198,0.4063020907342434,True,1
NR3C1,TMA7,0.2897884866413243,0.193980601939806,0.3232057044848205,0.031060110399266705,0.36593964230269194,0.031060110399266705,0.36593964230269194,False,1
NR3C1,EZR,-0.4322339767063318,0.025197480251974803,0.1173460408850979,0.4292266401462257,-0.15141628007404506,0.4292266401462257,0.15141628007404506,False,1
NR3C1,TLN1,0.08975484833686131,0.6541345865413458,0.7367363886276378,-0.37372163822874427,-0.19763675204012543,0.37372163822874427,0.19763675204012543,False,1
NR3C1,RPL27A,0.45066148934027556,0.0031996800319968005,0.05112704277275453,0.021320530213415623,0.41953653283417225,0.021320530213415623,0.41953653283417225,True,1
NR3C1,FAU,0.26668397782771947,0.1151884811518848,0.23937606239376064,0.1729236813262105,0.40178434550762177,0.1729236813262105,0.40178434550762177,False,1
NR3C1,RPS3,0.28176647008202516,0.029797020297970205,0.12580964125809643,0.25504222279414535,0.4119855907629244,0.25504222279414535,0.4119855907629244,False,1
NR3C1,PSMD7,0.6183845143947589,0.0011998800119988001,0.04335730810480596,-0.3901145039126277,0.2480847453698516,0.3901145039126277,0.2480847453698516,True,1
NR3C1,EMILIN2,0.32919347745039496,0.021997800219978002,0.11064966918213628,-0.5305706285871565,-0.04930987430270761,0.5305706285871565,0.04930987430270761,False,1
NR3C1,PSENEN,-0.139495116631051,0.3241675832416758,0.448146075028694,-0.18119341880083084,-0.36675393395125866,0.18119341880083084,0.36675393395125866,False,1
NR3C1,SON,-0.45799602236648496,0.009599040095990401,0.07863561469939963,0.07398075400851667,-0.35966413118876517,0.07398075400851667,0.35966413118876517,True,1
XBP1,NUDC,-0.15962238612942245,0.35076492350764926,0.47081002793160875,0.39159847976407036,0.052931101992726326,0.39159847976407036,0.052931101992726326,False,1
XBP1,PRDX6,-0.4950699158051041,0.001999800019998,0.04411266190454125,0.38390939752571285,-0.10905878245830536,0.38390939752571285,0.10905878245830536,True,1
XBP1,SRSF7,-0.1349384270777604,0.30016998300169984,0.4259079583099111,0.35113996639847755,0.1680183601565659,0.35113996639847755,0.1680183601565659,False,1
XBP1,RBMS1,0.6057856846913798,0.0006008055322018978,0.04335730810480596,-0.41802050080150366,0.1851776042021811,0.41802050080150366,0.1851776042021811,True,1
XBP1,MANF,0.17396837225708284,0.12618738126187382,0.25126346898555413,0.2399512603878975,0.5396237224340439,0.2399512603878975,0.5396237224340439,False,1
XBP1,TFG,-0.17568687432224336,0.29057094290570945,0.4183259483666406,0.3758306037634611,0.03897903300821781,0.3758306037634611,0.03897903300821781,False,1
XBP1,XRN1,-0.4334378435199834,0.015598440155984402,0.09429966094299662,0.3585366075858474,-0.06867807160597295,0.3585366075858474,0.06867807160597295,True,1
XBP1,SPCS3,0.42964372004135193,0.004199580041995801,0.05601917684337761,-0.012447128188796341,0.46133062709122896,0.012447128188796341,0.46133062709122896,True,1
XBP1,NPM1,0.24086642124410007,0.039196080391960805,0.14351795589671804,0.17818089574575424,0.3649785192683339,0.17818089574575424,0.3649785192683339,False,1
XBP1,MRPL14,0.511811845600117,0.0011998800119988001,0.04335730810480596,-0.17088785395026207,0.36703832540661097,0.17088785395026207,0.36703832540661097,True,1
XBP1,KDELR2,0.4648303477185598,0.005599440055994401,0.06314381030724858,0.021099470905028284,0.4204202052205801,0.021099470905028284,0.4204202052205801,True,1
XBP1,HSPA5,-0.13524956460119358,0.1277872212778722,0.2531116139371608,0.46115209348499775,0.26776874787174165,0.46115209348499775,0.26776874787174165,False,1
XBP1,ANAPC16,0.1479346031381954,0.46615338466153383,0.5728113058259391,0.1963022374548018,0.3784810616634786,0.1963022374548018,0.3784810616634786,False,1
XBP1,PCGF5,0.389028140332099,0.008599140085991401,0.07420860967338382,-0.35910163447260857,0.0998128685168922,0.35910163447260857,0.0998128685168922,True,1
XBP1,CYB561A3,0.3497285482451409,0.030996900309969003,0.12859448000154114,-0.35686213872395456,0.07332478562602773,0.35686213872395456,0.07332478562602773,False,1
XBP1,HSP90B1,0.07377270396277595,0.5125487451254874,0.614623554881319,0.272803102619946,0.36397797476820415,0.272803102619946,0.36397797476820415,False,1
XBP1,TMED2,0.2507753911103999,0.13158684131586842,0.25703485806926873,0.21033181389793754,0.3804345424287021,0.21033181389793754,0.3804345424287021,False,1
XBP1,GPR183,0.3261901744384094,0.005599440055994401,0.06314381030724858,0.07173194317147136,0.3618263085372746,0.07173194317147136,0.3618263085372746,True,1
XBP1,TINF2,0.2651098376567463,0.05979402059794021,0.17156634590348072,-0.47115254029631615,-0.09958475735038519,0.47115254029631615,0.09958475735038519,False,1
XBP1,HERPUD1,0.0052234655975928485,0.9811018898110189,0.9874343970009853,0.3168136985041201,0.35281082437722944,0.3168136985041201,0.35281082437722944,False,1
XBP1,PSMB10,-0.43343662492362645,0.008799120087991202,0.07479252074792521,0.08304328378289938,-0.379863397218287,0.08304328378289938,0.379863397218287,True,1
XBP1,PSMD7,-0.1067734592905497,0.48995100489951005,0.595100307320866,0.364148854278028,0.12389592081308365,0.364148854278028,0.12389592081308365,False,1
XBP1,GRN,0.3762723114051897,0.0023997600239976003,0.046774632881539435,-0.3915097280405462,0.005204507615417242,0.3915097280405462,0.005204507615417242,True,1
XBP1,C19orf10,0.3189803185094601,0.0211978802119788,0.10930081450235819,0.20140735083259642,0.4651893936097622,0.20140735083259642,0.4651893936097622,False,1
XBP1,SDF2L1,0.0005387068576024219,0.9941005899410059,0.9965246880321944,0.38207704323576763,0.31333808973431587,0.38207704323576763,0.31333808973431587,False,1
XBP1,CYB5R3,-0.38266330152062,0.054594540545945404,0.16568893446225846,0.376237696284079,0.024393439292907715,0.376237696284079,0.024393439292907715,False,1
HIF1A,NRBP1,-0.11210974077033346,0.5733426657334266,0.6680380145443326,-0.38623152300715446,-0.4035959495231509,0.38623152300715446,0.4035959495231509,False,1
HIF1A,HNRNPA3,-0.5996374865544163,0.0017998200179982,0.043993438493988436,0.03791480232030153,-0.3579032067209482,0.03791480232030153,0.3579032067209482,True,1
HIF1A,GNAI2,-0.5258117939991807,0.011998800119988001,0.08477902209779022,-0.07532152952626348,-0.4292694628238678,0.07532152952626348,0.4292694628238678,True,1
HIF1A,ARL6IP5,0.37531744811249274,0.04559544045595441,0.15305756933545372,0.09270480833947659,0.36719556525349617,0.09270480833947659,0.36719556525349617,False,1
HIF1A,RAB7A,-0.32243700532993774,0.040995900409959006,0.14597122964868867,-0.03764469316229224,-0.35543036088347435,0.03764469316229224,0.35543036088347435,False,1
HIF1A,COMMD8,-0.13086644189034388,0.5515448455154485,0.6496706932588846,-0.21098803542554379,-0.3582981782965362,0.21098803542554379,0.3582981782965362,False,1
HIF1A,CDKN1A,0.46449641861773705,0.031996800319968,0.13035092887107685,-0.028931991197168827,0.35734572261571884,0.028931991197168827,0.35734572261571884,False,1
HIF1A,CPVL,-0.3427612614431509,0.0415958404159584,0.14741096423273034,0.008087647147476673,-0.35301468684338033,0.008087647147476673,0.35301468684338033,False,1
HIF1A,ARPC1B,-0.4239109957791342,0.0051994800519948,0.06107025661070256,-0.06972303311340511,-0.4458395428955555,0.06972303311340511,0.4458395428955555,True,1
HIF1A,FNBP1,-0.3595817059719526,0.0341965803419658,0.13552755153932458,-0.10460448963567615,-0.3956541772931814,0.10460448963567615,0.3956541772931814,False,1
HIF1A,WAPAL,-0.23600823945766197,0.2793720627937206,0.407917490459543,-0.06275239330716431,-0.3686504331417382,0.06275239330716431,0.3686504331417382,False,1
HIF1A,PSMD13,-0.13211700299095355,0.5087491250874913,0.611364215691107,-0.3775074267759919,-0.14221006724983454,0.3775074267759919,0.14221006724983454,False,1
HIF1A,IFITM2,0.20276740119938852,0.19458054194580543,0.3234901509849015,0.1823065923526883,0.3899136948166415,0.1823065923526883,0.3899136948166415,False,1
HIF1A,PSMC3,-0.2683566277393836,0.23197680231976803,0.36347855165973353,-0.04214370623230934,-0.4024118445813656,0.04214370623230934,0.4024118445813656,False,1
HIF1A,TBRG1,-0.47507791818493256,0.0037996200379962005,0.05524720839813125,0.006267508491873741,-0.37845905497670174,0.006267508491873741,0.37845905497670174,True,1
HIF1A,MLF2,-0.46300752077928614,0.028597140285971403,0.12339338585225447,0.005365015938878059,-0.39233423396945,0.005365015938878059,0.39233423396945,False,1
HIF1A,PFDN5,-0.6721458943807465,5.691264528641166e-05,0.039307882617888305,0.37913695676252246,-0.1594603187404573,0.37913695676252246,0.1594603187404573,True,1
HIF1A,BLOC1S1,-0.574391856467546,0.0025997400259974,0.047024097590240975,0.014427969581447542,-0.3778506573289633,0.014427969581447542,0.3778506573289633,True,1
HIF1A,RAN,-0.26226429462951334,0.0927907209279072,0.2144096269984652,-0.0767047731205821,-0.42504204250872135,0.0767047731205821,0.42504204250872135,False,1
HIF1A,MRPL27,-0.3516544856575226,0.04179582041795821,0.1478878716197238,0.042904733680188656,-0.42215035296976566,0.042904733680188656,0.42215035296976566,False,1
HIF1A,FXYD5,-0.5102864622204378,0.0025997400259974,0.047024097590240975,0.10507520288228989,-0.48095616325736046,0.10507520288228989,0.48095616325736046,True,1
CEBPB,SLC43A2,0.18760845763401338,0.1095890410958904,0.23364528233645282,0.06896100472658873,0.3986019347794354,0.06896100472658873,0.3986019347794354,False,1
CEBPB,TMEM230,-0.3649229592831685,0.004399560043995601,0.057005187733375665,0.36140083661302924,-0.01403032592497766,0.36140083661302924,0.01403032592497766,True,1
BACH1,MINOS1,-0.377144676289724,0.074992500749925,0.19213376112813646,0.36437202608794905,0.0034201964735984802,0.36437202608794905,0.0034201964735984802,False,1
BACH1,RASSF5,-0.2905522744179006,0.08299170082991701,0.2027490389804888,-0.08824427053332329,-0.41489903442561626,0.08824427053332329,0.41489903442561626,False,1
BACH1,ORMDL1,-0.36525695944445896,0.0403959604039596,0.14543832240979723,-0.09540829216712154,-0.3972966722212732,0.09540829216712154,0.3972966722212732,False,1
BACH1,HSPE1,0.11964076407060091,0.27777222277772223,0.40689536488528016,-0.35140395630151033,-0.2058777268975973,0.35140395630151033,0.2058777268975973,False,1
BACH1,MRPS18C,0.6944873108799042,0.001612397445839996,0.043993438493988436,-0.16054369462653995,0.49421962443739176,0.16054369462653995,0.49421962443739176,True,1
BACH1,NFKB1,0.006441127091303735,0.9845015498450155,0.9901948417257919,0.17896864376962185,0.42217515828087926,0.17896864376962185,0.42217515828087926,False,1
BACH1,HINT1,0.2581912547157696,0.08839116088391161,0.20861421164772875,-0.38265170459635556,-0.054286790546029806,0.38265170459635556,0.054286790546029806,False,1
BACH1,UBE2B,0.5778767560866056,0.0011998800119988001,0.04335730810480596,-0.3798277243040502,0.07415820937603712,0.3798277243040502,0.07415820937603712,True,1
BACH1,MLF2,-0.2026973225194439,0.25317468253174685,0.3844378490290662,-0.13706809747964144,-0.3500520356465131,0.13706809747964144,0.3500520356465131,False,1
BACH1,ARGLU1,0.5789965108149344,0.001999800019998,0.04411266190454125,-0.3582736646058038,0.17329951096326113,0.3582736646058038,0.17329951096326113,True,1
BACH1,FKBP8,-0.5820205470006937,0.006799320067993201,0.06727904890036161,0.1304345652461052,-0.3817522069439292,0.1304345652461052,0.3817522069439292,True,1
DDIT3,TXNDC12,0.2363452804623983,0.09159084091590841,0.21272407941537638,-0.41886570397764444,-0.3146922439336777,0.41886570397764444,0.3146922439336777,False,1
DDIT3,PSMD4,-0.588431796087017,0.001999800019998,0.04411266190454125,0.393421558663249,-0.1327611841261387,0.393421558663249,0.1327611841261387,True,1
DDIT3,RIT1,0.4140477669379692,0.0023997600239976003,0.046774632881539435,-0.6078223995864391,-0.11441731196828187,0.6078223995864391,0.11441731196828187,True,1
DDIT3,PPP1CB,0.2821033874654876,0.0745925407459254,0.19187000526340992,-0.3848946209582209,-0.012199810240417719,0.3848946209582209,0.012199810240417719,False,1
DDIT3,EPC1,0.303647781394699,0.0663933606639336,0.17977890833671123,-0.3606457691639662,-0.08990064729005098,0.3606457691639662,0.08990064729005098,False,1
DDIT3,PAK1,0.40007896378808816,0.0131986801319868,0.08881611838816118,-0.37667128816246986,-0.054729130992200226,0.37667128816246986,0.054729130992200226,True,1
DDIT3,SNRNP35,0.5522323320375746,0.0033996600339966003,0.05337938428379384,-0.36371293291449547,-0.08408240508288145,0.36371293291449547,0.08408240508288145,True,1
DDIT3,SNW1,0.09153254418950432,0.6701329867013298,0.7497133512774402,-0.3661949159577489,-0.13480747025460005,0.3661949159577489,0.13480747025460005,False,1
DDIT3,FAM192A,-0.5101943460193776,0.014998500149985002,0.09227648663705058,0.10262843687087297,-0.3595830271951854,0.10262843687087297,0.3595830271951854,True,1
DDIT3,PSMD11,0.5392668064363022,0.0037996200379962005,0.05524720839813125,-0.4228986799134873,0.03332682652398944,0.4228986799134873,0.03332682652398944,True,1
DDIT3,C19orf43,0.5034376837622909,0.0023997600239976003,0.046774632881539435,-0.3735855342820287,0.056178793078288436,0.3735855342820287,0.056178793078288436,True,1
DDIT3,ATP5J,0.5192790308942835,0.008999100089991,0.0757801314840583,-0.37584569212049246,0.004630851559340954,0.37584569212049246,0.004630851559340954,True,1
STAT3,APH1A,-0.4345512828609973,0.024397560243975602,0.11540352240926535,-0.04140089126303792,-0.4208104033023119,0.04140089126303792,0.4208104033023119,False,1
STAT3,RAB1A,0.444654178930103,0.007999200079992,0.0716284807162848,-0.3886973597109318,0.08437544107437134,0.3886973597109318,0.08437544107437134,True,1
STAT3,MTHFD2,0.29492968613066517,0.034396560343965606,0.13560701471265255,-0.3794227654580027,-0.04021540470421314,0.3794227654580027,0.04021540470421314,False,1
STAT3,TMEM60,0.43488592400038695,0.015798420157984203,0.09487444349854524,-0.4014447880908847,0.1301229854580015,0.4014447880908847,0.1301229854580015,True,1
STAT3,MPP1,-0.3851873837288813,0.029197080291970802,0.12467346277647967,0.09679244505241513,-0.393988634692505,0.09679244505241513,0.393988634692505,False,1
STAT3,TOR1A,-0.185744036344559,0.24617538246175383,0.37774179826672916,-0.14746355405077338,-0.36380049027502537,0.14746355405077338,0.36380049027502537,False,1
STAT3,PSMC3,0.6720041689355404,0.0017998200179982,0.043993438493988436,-0.3873972147703171,-0.07495342195034027,0.3873972147703171,0.07495342195034027,True,1
STAT3,LPXN,-0.36244731467949853,0.0117988201179882,0.08389035310305447,0.0916957100853324,-0.3574480516836047,0.0916957100853324,0.3574480516836047,True,1
STAT3,NEDD8,0.3792912079726191,0.0357964203579642,0.1379455274811502,-0.37034741789102554,-0.0974271409213543,0.37034741789102554,0.0974271409213543,False,1
STAT3,PPP2R5C,-0.20516761274999182,0.35136486351364865,0.47133548288600396,0.3751237395917997,0.09187547024339437,0.3751237395917997,0.09187547024339437,False,1
STAT3,ANPEP,0.2582310639414658,0.13018698130186981,0.2558476877214495,-0.3502384403545875,-0.01106950780376792,0.3502384403545875,0.01106950780376792,False,1
STAT3,STX4,0.5006872302759439,0.004199580041995801,0.05601917684337761,-0.14060177840292454,0.42940065590664744,0.14060177840292454,0.42940065590664744,True,1
STAT3,VASP,-0.037385161968466134,0.8053194680531947,0.856255498362696,-0.40004250849597156,-0.29118797928094864,0.40004250849597156,0.29118797928094864,False,1
JUN,SHFM1,0.3073853918262409,0.028197180281971802,0.12236818544633062,-0.4530470883473754,-0.13450696505606174,0.4530470883473754,0.13450696505606174,False,1
JUN,SPCS2,0.33401369659952446,0.020397960203979604,0.10800887124402316,-0.36827335925772786,-0.03597569215344265,0.36827335925772786,0.03597569215344265,False,1
CEBPD,RPL31,-0.35354101537180316,0.004199580041995801,0.05601917684337761,0.39378207735717297,-0.021044559485744685,0.39378207735717297,0.021044559485744685,True,1
CEBPD,PLEKHB2,0.5250962970958389,0.0018098688365491443,0.04400121977889909,-0.42735289968550205,0.16258157812990248,0.42735289968550205,0.16258157812990248,True,1
CEBPD,MFSD1,0.4919738841069124,0.000999900009999,0.04335730810480596,-0.3626333912834525,0.1151314228773117,0.3626333912834525,0.1151314228773117,True,1
CEBPD,COMMD8,0.4361546297206381,0.0091990800919908,0.07646735326467353,-0.3863905933685601,-0.10485194390639663,0.3863905933685601,0.10485194390639663,True,1
CEBPD,PSMD13,0.08290646384469437,0.5593440655934406,0.6562931667393718,-0.36697474494576454,-0.230027980171144,0.36697474494576454,0.230027980171144,False,1
CEBPD,RPS13,-0.3362362681310639,0.0009759764767231279,0.04335730810480596,0.35890589421615005,-0.013954007437860128,0.35890589421615005,0.013954007437860128,True,1
CEBPD,SPCS2,0.26175871573467585,0.0847915208479152,0.20460365916449977,-0.38274433743208647,-0.09856436727568507,0.38274433743208647,0.09856436727568507,False,1
CEBPD,TM9SF2,0.2362632815095452,0.19858014198580143,0.32868938581983675,-0.3689575952012092,-0.08670361305121332,0.3689575952012092,0.08670361305121332,False,1
CEBPD,HNRNPC,-0.47543311357613743,0.001999800019998,0.04411266190454125,0.01000422821380198,-0.44244926050305367,0.01000422821380198,0.44244926050305367,True,1
CEBPD,RPL4,-0.3314178585167486,0.010798920107989201,0.0816600614186073,0.3566891027148813,0.04094656124652829,0.3566891027148813,0.04094656124652829,True,1
CEBPD,MVP,0.4615316292374441,0.0037996200379962005,0.05524720839813125,-0.35787405021255836,0.14399679470807314,0.35787405021255836,0.14399679470807314,True,1
CEBPD,RPL38,-0.5768869963824421,0.0006932479349295194,0.04335730810480596,0.5545265842229128,-0.18976877350360155,0.5545265842229128,0.18976877350360155,True,1
CEBPD,UBA52,-0.3181132229974851,0.04939506049395061,0.15886519456162493,0.393583923811093,0.050954104866832495,0.393583923811093,0.050954104866832495,False,1
HBP1,TNFRSF14,-0.4599320018768631,0.012398760123987601,0.08546828244004868,-0.016886257100850344,-0.372683834284544,0.016886257100850344,0.372683834284544,True,1
HBP1,LAMTOR5,0.26798523154631376,0.0755924407559244,0.19312373847361025,-0.36977262794971466,-0.08324211509898305,0.36977262794971466,0.08324211509898305,False,1
HBP1,ARPC5,-0.5814478466107109,0.00014075296821579295,0.039519518135942795,0.06412524543702602,-0.40604633558541536,0.06412524543702602,0.40604633558541536,True,1
HBP1,RHEB,-0.33410045787015297,0.06239376062393761,0.17535399971500673,0.007491212105378509,-0.4009871694725007,0.007491212105378509,0.4009871694725007,False,1
HBP1,RGCC,-0.12199323308471896,0.21937806219378062,0.35016858356522274,-0.21268886094912887,-0.3594499663449824,0.21268886094912887,0.3594499663449824,False,1
HBP1,PSMA6,0.2168203730021017,0.34056594340565943,0.4633023167917724,-0.3537244196049869,-0.16074809432029724,0.3537244196049869,0.16074809432029724,False,1
HBP1,DDX5,-0.23746466106694888,0.13338666133386662,0.2594298849684924,-0.1931044200900942,-0.37172597786411643,0.1931044200900942,0.37172597786411643,False,1
HBP1,RPL17,-0.7231856186037277,0.00010545466014480194,0.039519518135942795,0.10654092580080032,-0.37340730242431164,0.10654092580080032,0.37340730242431164,True,1
TFEC,SDHB,0.10343191577668254,0.5841415858414158,0.677826084468792,-0.362234765663743,-0.1824858821928501,0.362234765663743,0.1824858821928501,False,1
TFEC,NPL,0.1638797339121893,0.2963703629637036,0.4225052904545611,-0.38292279932647943,-0.10383836319670081,0.38292279932647943,0.10383836319670081,False,1
TFEC,MDH1,-0.7890900130309952,7.823329136687191e-05,0.039307882617888305,0.4362569861114025,-0.3605131730437279,0.4362569861114025,0.3605131730437279,True,1
TFEC,CFLAR,0.4915285742872762,0.011198880111988802,0.08300425996047739,-0.04104995890520513,0.4087695758789778,0.04104995890520513,0.4087695758789778,True,1
TFEC,BBX,-0.5277853086044848,0.011398860113988602,0.08300425996047739,0.11997166834771633,-0.39973931293934584,0.11997166834771633,0.39973931293934584,True,1
TFEC,NDUFS6,-0.5819616107060407,0.004199580041995801,0.05601917684337761,0.028762077912688255,-0.37314379774034023,0.028762077912688255,0.37314379774034023,True,1
TFEC,ZFYVE16,0.25536822413925137,0.2853714628537146,0.41373829914219223,-0.43338877242058516,-0.11504905438050628,0.43338877242058516,0.11504905438050628,False,1
TFEC,RBM22,0.33053328178788893,0.0403959604039596,0.14543832240979723,-0.369767377153039,-0.12084712833166122,0.369767377153039,0.12084712833166122,False,1
TFEC,PDLIM7,-0.23521680561286165,0.12398760123987601,0.24896622238309027,-0.12833220046013594,-0.39178240299224854,0.12833220046013594,0.39178240299224854,False,1
TFEC,SERPINB9,-0.21243816228480117,0.29357064293570645,0.4210359807660211,0.36198926880024374,0.11555424332618713,0.36198926880024374,0.11555424332618713,False,1
TFEC,CBX3,-0.42434500148169685,0.0821917808219178,0.20199523525908278,0.3765445277094841,0.13416851684451103,0.3765445277094841,0.13416851684451103,False,1
TFEC,TSC22D3,0.056350445795979164,0.7117288271172882,0.782884397038282,-0.24997254135087132,-0.3667190782725811,0.24997254135087132,0.3667190782725811,False,1
TFEC,EDF1,-0.5769600521556802,0.0037996200379962005,0.05524720839813125,0.35864339768886566,-0.17576697282493114,0.35864339768886566,0.17576697282493114,True,1
TFEC,IRF7,-0.3325338723239582,0.06999300069993,0.18530933791866716,0.40954780019819736,0.010812832624651492,0.40954780019819736,0.010812832624651492,False,1
TFEC,FERMT3,-0.4281855844895717,0.05699430056994301,0.16867030574429467,0.3767650406807661,0.05200782709289342,0.3767650406807661,0.05200782709289342,False,1
TFEC,C11orf73,-0.15041117232974008,0.38716128387161286,0.5038964763673144,-0.19230090174824,-0.3878636285662651,0.19230090174824,0.3878636285662651,False,1
TFEC,STX4,0.24884485231135167,0.29057094290570945,0.4183259483666406,1.6400590538978577e-06,0.359478410333395,1.6400590538978577e-06,0.359478410333395,False,1
TFEC,HN1,-0.3593563325518138,0.034396560343965606,0.13560701471265255,-0.16652162419632077,-0.4426833549514413,0.16652162419632077,0.4426833549514413,False,1
TFEC,PSENEN,-0.39150705498473953,0.042195780421957804,0.1481438812640475,-0.024691376369446516,-0.37086741626262665,0.024691376369446516,0.37086741626262665,False,1
TFEC,PSMD8,-0.39384114384576696,0.0735926407359264,0.19070826441711128,0.015892979688942432,-0.3685892764478922,0.015892979688942432,0.3685892764478922,False,1
TFEC,YWHAH,-0.26719231642391583,0.13158684131586842,0.25703485806926873,-0.03230614689528011,-0.36752673564478755,0.03230614689528011,0.36752673564478755,False,1
TFEC,BTG3,0.046287602443738377,0.7675232476752325,0.8247956573163977,-0.3964080468285829,-0.22257747675757855,0.3964080468285829,0.22257747675757855,False,1
HMGA1,FGR,-0.348295776521985,0.024197580241975804,0.11469754492056036,0.3923549000173807,0.1672417912632227,0.3923549000173807,0.1672417912632227,False,1
HMGA1,LAPTM5,0.13886147341727545,0.24997500249975002,0.38111495660953126,0.3251953483559191,0.36660705180838704,0.3251953483559191,0.36660705180838704,False,1
HMGA1,VRK2,0.42527514556153206,0.0011998800119988001,0.04335730810480596,-0.01061076857149601,0.4458226729184389,0.01061076857149601,0.4458226729184389,True,1
HMGA1,LINC00152,0.10160799580922349,0.46155384461553844,0.5690148542397668,0.21014796197414398,0.3862644350156188,0.21014796197414398,0.3862644350156188,False,1
HMGA1,PLEKHB2,-0.17618285862559976,0.29617038296170384,0.42235334965399707,0.37516156723722816,0.13840528298169374,0.37516156723722816,0.13840528298169374,False,1
HMGA1,TANK,-0.281166977705815,0.0425957404259574,0.14851036099165718,0.06225273571908474,-0.353709684452042,0.06225273571908474,0.353709684452042,False,1
HMGA1,RPL37A,0.40530785771353356,0.016998300169983,0.09791887053332882,0.054291329346597195,0.3570288587361574,0.054291329346597195,0.3570288587361574,True,1
HMGA1,ATG3,0.20798303418452477,0.144985501449855,0.27215626299553525,-0.3637220859527588,-0.02995850332081318,0.3637220859527588,0.02995850332081318,False,1
HMGA1,XRN1,0.6048605764475007,0.0007228269500212147,0.04335730810480596,-0.03669119957339717,0.4088211189955473,0.03669119957339717,0.4088211189955473,True,1
HMGA1,SELT,0.40417584120839056,0.014198580141985802,0.090682853720199,-0.3575806589797139,0.11318512260913849,0.3575806589797139,0.11318512260913849,True,1
HMGA1,FNDC3B,-0.3812418921607816,0.004199580041995801,0.05601917684337761,0.380046226317063,-0.1433484205044806,0.380046226317063,0.1433484205044806,True,1
HMGA1,CSNK1A1,0.20109298698247774,0.272972702729727,0.4028663713263138,0.1566536329628434,0.3724110557232052,0.1566536329628434,0.3724110557232052,False,1
HMGA1,DUSP1,0.2442674970403629,0.044795520447955206,0.1522976444870483,0.08676148788072169,0.3692771205678582,0.08676148788072169,0.3692771205678582,False,1
HMGA1,HLA-E,0.28479113846687215,0.0117988201179882,0.08389035310305447,0.1272912290878594,0.3776541147381067,0.1272912290878594,0.3776541147381067,True,1
HMGA1,SRSF3,0.15932952607555387,0.3017698230176982,0.42723955531810626,0.08692615991458297,0.36703145192586817,0.08692615991458297,0.36703145192586817,False,1
HMGA1,IFNGR1,0.43126636780249256,0.0017144043573371671,0.043993438493988436,-0.17913982551544905,0.37577582336962223,0.17913982551544905,0.37577582336962223,True,1
HMGA1,UPP1,0.18679656653861157,0.14658534146585342,0.27390864219363187,0.3425393979996443,0.4667185880243778,0.3425393979996443,0.4667185880243778,False,1
HMGA1,MKRN1,0.5203244113110144,0.0045995400459954,0.05809810080444469,-0.05229301657527685,0.42430264316499233,0.05229301657527685,0.42430264316499233,True,1
HMGA1,DNAJB6,0.22578159445967366,0.09299070092990701,0.21465234793519117,0.09777957561891526,0.3597665167762898,0.09777957561891526,0.3597665167762898,False,1
HMGA1,SAT1,0.17734381934443852,0.048795120487951205,0.1578337159131011,0.18482589162886143,0.4078536042943597,0.18482589162886143,0.4078536042943597,False,1
HMGA1,RBM3,0.23572134134648712,0.2455754424557544,0.37707713099657775,0.1634595231153071,0.36260453989962116,0.1634595231153071,0.36260453989962116,False,1
HMGA1,PLP2,0.23545898848935884,0.11138886111388861,0.2357044595025757,0.1960922908037901,0.4401567056775093,0.1960922908037901,0.4401567056775093,False,1
HMGA1,CLTA,0.23627214733877502,0.08819118088191182,0.20825092425483302,-0.36889204382896423,-0.07266106829047203,0.36889204382896423,0.07266106829047203,False,1
HMGA1,FNBP1,-0.21721367242824877,0.1561843815618438,0.28329954810375363,-0.05651337094604969,-0.3658261108212173,0.05651337094604969,0.3658261108212173,False,1
HMGA1,DDIT4,0.19259504558592297,0.13738626137386262,0.26369298554015563,0.20653328765183687,0.3740932992659509,0.20653328765183687,0.3740932992659509,False,1
HMGA1,PPIF,0.2423707095029327,0.0405959404059594,0.14560311924608643,0.3268310434068553,0.5705216228961945,0.3268310434068553,0.5705216228961945,False,1
HMGA1,FAU,0.39062736095511696,0.0029997000299970002,0.049870012998700135,-0.08887648396193981,0.3727562054991722,0.08887648396193981,0.3727562054991722,True,1
HMGA1,OLR1,-0.07435411570013381,0.5809419058094191,0.6751527365896153,0.3908357846084982,0.2615841389633715,0.3908357846084982,0.2615841389633715,False,1
HMGA1,SLC43A2,0.2906165159135492,0.054594540545945404,0.16568893446225846,0.02048204030143097,0.35225755954161286,0.02048204030143097,0.35225755954161286,False,1
HMGA1,RPL27,0.32861377174629053,0.0217978202179782,0.11064966918213628,-0.04273315146565437,0.39120045583695173,0.04273315146565437,0.39120045583695173,False,1
HMGA1,SOCS3,0.5277529403371233,0.0004907492585667024,0.04335730810480596,-0.026389741571620107,0.48378545232117176,0.026389741571620107,0.48378545232117176,True,1
HMGA1,SLC16A3,-0.2575822065192711,0.0385961403859614,0.1426309401580167,0.367672125226818,0.03706339653581381,0.367672125226818,0.03706339653581381,False,1
HMGA1,ZFAS1,0.2353105452939409,0.0451954804519548,0.1527458614377725,0.150359895080328,0.37941060587763786,0.150359895080328,0.37941060587763786,False,1
HMGA1,CIRBP,0.00892285779052341,0.9539046095390461,0.9665150446640302,0.3132632514461875,0.35073882853612304,0.3132632514461875,0.35073882853612304,False,1
HMGA1,DNASE2,0.02446762580032586,0.8765123487651235,0.9092862784347568,0.17595597309991717,0.3664931214880198,0.17595597309991717,0.3664931214880198,False,1
HMGA1,RELB,0.3464581983511099,0.040195980401959805,0.14506482312662589,-0.04701811610721052,0.3802480841986835,0.04701811610721052,0.3802480841986835,False,1
HMGA1,FTL,-0.09372469346330933,0.09759024097590241,0.21955376601643317,-0.2892742631956935,-0.3729991354048252,0.2892742631956935,0.3729991354048252,False,1
YY1,RPS27,-0.19470219255940338,0.1785821417858214,0.3058895625588956,0.3788028589915484,0.14012257475405931,0.3788028589915484,0.14012257475405931,False,1
YY1,SELT,0.12487590299940059,0.41775822417758224,0.530051259744957,-0.3573128446005285,-0.158744715154171,0.3573128446005285,0.158744715154171,False,1
YY1,RPS10,0.11545500248446376,0.49035096490350966,0.5952663257164217,-0.35010783188045025,-0.09355678129941225,0.35010783188045025,0.09355678129941225,False,1
YY1,BNIP2,0.020490881389339646,0.8757124287571243,0.9092862784347568,-0.36364402272738516,-0.20749733904813183,0.36364402272738516,0.20749733904813183,False,1
YY1,PHF23,0.3035411354613389,0.049595040495950406,0.15916875310339798,-0.35434096585959196,0.008916580118238926,0.35434096585959196,0.008916580118238926,False,1
YY1,NCOR1,0.27946798825988345,0.0791920807919208,0.1976305680690209,-0.35219412855803967,-0.02667990472400561,0.35219412855803967,0.02667990472400561,False,1
YY1,EIF3K,0.3139028494651963,0.1287871212878712,0.2542631525862235,0.2824621144682169,0.388566467911005,0.2824621144682169,0.388566467911005,False,1
NFKB1,NDUFS5,-0.6244565541616679,0.004399560043995601,0.057005187733375665,0.07257413608022034,-0.36076194455381483,0.07257413608022034,0.36076194455381483,True,1
NFKB1,MYD88,-0.6604049082818884,0.0021997800219978004,0.04584057723259933,0.1115774130448699,-0.40714371763169765,0.1115774130448699,0.40714371763169765,True,1
NFKB1,ATG3,0.18234263987725452,0.28977102289771023,0.41786133687459803,-0.42196263931691647,-0.17099529458209872,0.42196263931691647,0.17099529458209872,False,1
NFKB1,WDR1,-0.6715437278247154,9.857261838600831e-05,0.039519518135942795,0.30065077170729637,-0.35044050216674805,0.30065077170729637,0.35044050216674805,True,1
NFKB1,RPL37,-0.5472091849327057,0.012598740125987402,0.08605967197842149,0.37517497688531876,0.1310736844316125,0.37517497688531876,0.1310736844316125,True,1
NFKB1,ZFYVE16,-0.27864446159207434,0.1543845615438456,0.28243688762436886,-0.08877671463415027,-0.37983107939362526,0.08877671463415027,0.37983107939362526,False,1
NFKB1,NDFIP1,-0.225239200007868,0.17378262173782622,0.3008595005736792,-0.15941144747193903,-0.43404310988262296,0.15941144747193903,0.43404310988262296,False,1
NFKB1,ATP6V1F,-0.27316077330435534,0.033596640335966405,0.13373592218242963,-0.08462101453915238,-0.36511069163680077,0.08462101453915238,0.36511069163680077,False,1
NFKB1,RPS20,0.18280808510937982,0.294970502949705,0.4217061695664135,0.07664192581432872,0.3845432801172137,0.07664192581432872,0.3845432801172137,False,1
NFKB1,NANS,0.24296198919542075,0.100989901009899,0.22331360995929747,-0.36950941756367683,-0.010179910401348025,0.36950941756367683,0.010179910401348025,False,1
NFKB1,EIF3F,-0.5443563215262507,0.0057994200579942,0.06334535628562747,0.00951109715970233,-0.3766854088753462,0.00951109715970233,0.3766854088753462,True,1
NFKB1,TIMM8B,0.8432595718792746,0.0010879730215420974,0.04335730810480596,-0.18947620689868927,0.36335750110447407,0.18947620689868927,0.36335750110447407,True,1
NFKB1,DUSP6,-0.21769560016053835,0.18238176182381763,0.31086706632766803,-0.023670664988458157,-0.38195157097652555,0.023670664988458157,0.38195157097652555,False,1
NFKB1,P2RX4,-0.5062142317935888,0.008399160083991601,0.07346422030911029,0.26681577414274216,-0.3660055943764746,0.26681577414274216,0.3660055943764746,True,1
NFKB1,LPAR6,-0.37545826109019464,0.004999500049995001,0.05996747805325568,0.02390157268382609,-0.354244620190002,0.02390157268382609,0.354244620190002,True,1
NFKB1,GPR183,0.4414238381151072,0.0009035891525401227,0.04335730810480596,0.03020750777795911,0.42784579610452056,0.03020750777795911,0.42784579610452056,True,1
NFKB1,RNASE6,-0.329043785037522,0.004199580041995801,0.05601917684337761,-0.02766367234289646,-0.3696766924113035,0.02766367234289646,0.3696766924113035,True,1
NFKB1,PSMA3,0.38111182023570905,0.05039496050394961,0.16059620253619458,-0.05040095653384924,0.39179722778499126,0.05040095653384924,0.39179722778499126,False,1
NFKB1,IDH2,-0.3059379703569384,0.0397960203979602,0.14431243323141624,-0.05639505200088024,-0.38533616697532125,0.05639505200088024,0.38533616697532125,False,1
NFKB1,KRT10,-0.39096799471199606,0.0395960403959604,0.14431243323141624,-0.04217858612537384,-0.3878058986738324,0.04217858612537384,0.3878058986738324,False,1
NFKB1,SMCHD1,-0.49978212706440855,0.0103989601039896,0.08065882948583357,-0.03913228679448366,-0.36035655345767736,0.03913228679448366,0.36035655345767736,True,1
NFKB1,VAPA,-0.4161707484452025,0.0143985601439856,0.090682853720199,-0.03594203856482636,-0.40102485939860344,0.03594203856482636,0.40102485939860344,True,1
NFKB1,LINC00493,-0.16424462836850928,0.3223677632236776,0.4464768837051976,-0.1836257465183735,-0.4304764913395047,0.1836257465183735,0.4304764913395047,False,1
NFKB1,CFD,0.38464988912218684,0.0211978802119788,0.10930081450235819,-0.0683895941474475,0.36521246258053,0.0683895941474475,0.36521246258053,False,1
NFKB1,MYO1F,0.18705791102444702,0.258974102589741,0.3897107793380396,-0.37505530565977097,-0.1258747996762395,0.37505530565977097,0.1258747996762395,False,1
NFKB1,PSMC4,0.5648169329739473,0.0187981201879812,0.10291174272403268,-0.05772959627211094,0.40409834756792407,0.05772959627211094,0.40409834756792407,False,1
NFKB1,C5AR1,-0.2861131477355302,0.019198080191980802,0.10434341181266488,-0.09526479849591851,-0.38546913489699364,0.09526479849591851,0.38546913489699364,False,1
NFKB1,BACH1,0.006441127091303735,0.9845015498450155,0.9901948417257919,0.17896864376962185,0.42217515828087926,0.17896864376962185,0.42217515828087926,False,1
ELF1,TXNDC12,-0.2039288439313236,0.25617438256174385,0.3870432869843654,-0.04385760985314846,-0.35724507365375757,0.04385760985314846,0.35724507365375757,False,1
ELF1,MPLKIP,0.4885407444699718,0.017198280171982803,0.09856859687922209,-0.3616028393153101,0.02141774818301201,0.3616028393153101,0.02141774818301201,True,1
ELF1,MKRN1,0.7207755582741171,0.0004982674692524561,0.04335730810480596,-0.20556892827153206,0.36726039461791515,0.20556892827153206,0.36726039461791515,True,1
ELF1,COMMD5,-0.16088757017936312,0.41055894410558946,0.5231184968288182,-0.13448180258274078,-0.36192829441279173,0.13448180258274078,0.36192829441279173,False,1
ELF1,TOX4,-0.36903487245148764,0.047995200479952004,0.15667764639783324,-0.059844822622835636,-0.3704677657224238,0.059844822622835636,0.3704677657224238,False,1
ELF1,ACTR10,-0.4437276117334152,0.0183981601839816,0.10195647101956472,-0.023624179419130087,-0.368744112085551,0.023624179419130087,0.368744112085551,False,1
ELF1,CDC37,0.5603074614632825,0.0065993400659934,0.06631603506316035,-0.05080799851566553,0.38762926030904055,0.05080799851566553,0.38762926030904055,True,1
GTF2B,TNFRSF1B,0.38804380052430987,0.017798220177982202,0.1008565810085658,-0.37268622405827045,-0.02622460969723761,0.37268622405827045,0.02622460969723761,False,1
GTF2B,TMCO1,0.6194151429275686,0.004199580041995801,0.05601917684337761,-0.3614134037634358,0.3006800226867199,0.3614134037634358,0.3006800226867199,True,1
GTF2B,CDKN1A,0.4728103516884191,0.003999600039996,0.05599440055994401,-0.37134240195155144,0.09557698760181665,0.37134240195155144,0.09557698760181665,True,1
GTF2B,NFKBIE,0.5067236622997162,0.0051994800519948,0.06107025661070256,-0.1357716303318739,0.4668655174318701,0.1357716303318739,0.4668655174318701,True,1
GTF2B,HPS1,0.0462699747189547,0.8057194280571943,0.8564793732192366,-0.22107944847084582,-0.3684958927333355,0.22107944847084582,0.3684958927333355,False,1
GTF2B,LPXN,0.3957500457056537,0.0143985601439856,0.090682853720199,-0.09893514541909099,0.40712594985961914,0.09893514541909099,0.40712594985961914,True,1
GTF2B,FIBP,0.43822933384179397,0.020597940205979402,0.10830684373423123,-0.4080928320181556,0.05942204943858087,0.4080928320181556,0.05942204943858087,False,1
GTF2B,RDX,0.2663988175944454,0.034396560343965606,0.13560701471265255,-0.3784367935732007,-0.021256992360576987,0.3784367935732007,0.021256992360576987,False,1
GTF2B,PTGES3,0.612326581094984,0.0013855142117144136,0.04335730810480596,-0.3852772244717926,0.16211975272744894,0.3852772244717926,0.16211975272744894,True,1
GTF2B,ARPP19,0.36033411716516595,0.027197280271972803,0.1212880684318156,-0.4666114313295111,-0.15550737082958221,0.4666114313295111,0.15550737082958221,False,1
GTF2B,PSMD7,-0.6410068561641281,0.0005587595830807529,0.04335730810480596,0.3984518274664879,-0.33718985691666603,0.3984518274664879,0.33718985691666603,True,1
GTF2B,TERF2IP,-0.22929685749577158,0.26117388261173885,0.3913281302751104,0.39964316925033927,0.03873781859874725,0.39964316925033927,0.03873781859874725,False,1
GTF2B,SCAND1,-0.31692654374761403,0.12218778122187782,0.24710784735479943,-0.08161388384178281,-0.43092469312250614,0.08161388384178281,0.43092469312250614,False,1
GTF2B,PSMC4,0.5784413182479677,0.0017998200179982,0.043993438493988436,-0.4530571480281651,0.04157248139381409,0.4530571480281651,0.04157248139381409,True,1
ETV6,SERBP1,0.3577132921662456,0.0575942405759424,0.169779110746031,-0.37186213582754135,0.028389585204422474,0.37186213582754135,0.028389585204422474,False,1
ETV6,PSMB4,-0.30031169560046844,0.1357864213578642,0.26234236644594927,-0.1968819536268711,-0.35522416955791414,0.1968819536268711,0.35522416955791414,False,1
ETV6,EIF4A2,-0.2170493385423511,0.1337866213378662,0.25976088522534607,-0.2730326917953789,-0.35371727403253317,0.2730326917953789,0.35371727403253317,False,1
ETV6,FGL2,0.5494938017799029,0.0013998600139986002,0.04335730810480596,-0.013368000625632703,0.4937656931579113,0.013368000625632703,0.4937656931579113,True,1
ETV6,BUD31,0.20097300618550398,0.4627537246275372,0.5697174905433496,0.10378677095286548,0.3623943477869034,0.10378677095286548,0.3623943477869034,False,1
ETV6,NDUFB2,0.3590092024167116,0.0741925807419258,0.19171362863713626,-0.37544173561036587,0.01578216173220426,0.37544173561036587,0.01578216173220426,False,1
ETV6,IL2RG,-0.21961037169240405,0.11818818118188182,0.24226969868742954,-0.16335281915962696,-0.38649834133684635,0.16335281915962696,0.38649834133684635,False,1
ETV6,NDUFA1,-0.6031116412417438,0.0025997400259974,0.047024097590240975,0.1505818616860779,-0.38880331441760063,0.1505818616860779,0.38880331441760063,True,1
ETV6,LYN,-0.23469573036214847,0.12358764123587641,0.2484941368024158,-0.18814753647893667,-0.39993687393143773,0.18814753647893667,0.39993687393143773,False,1
ETV6,PHF20L1,-0.435656661817749,0.0031996800319968005,0.05112704277275453,-0.08263017563149333,-0.47397806495428085,0.08263017563149333,0.47397806495428085,True,1
ETV6,CTSL,-0.22631511450203312,0.0287971202879712,0.12366626585204726,-0.17467807000502944,-0.3576053995639086,0.17467807000502944,0.3576053995639086,False,1
ETV6,RAB14,-0.43382259973539494,0.0103989601039896,0.08065882948583357,0.02443300187587738,-0.37408277625218034,0.02443300187587738,0.37408277625218034,True,1
ETV6,HNRNPF,0.35761814268731135,0.0983901609839016,0.22014859375022416,-0.3942359797656536,0.11980556324124336,0.3942359797656536,0.11980556324124336,False,1
ETV6,OS9,-0.42407620101454024,0.013598640135986401,0.08912036332598625,-0.06193529348820448,-0.4492180570960045,0.06193529348820448,0.4492180570960045,True,1
ETV6,CKAP4,0.706472824882312,0.0009018542199962925,0.04335730810480596,-0.2554104730952531,0.35340258851647377,0.2554104730952531,0.35340258851647377,True,1
ETV6,CORO1C,-0.4631731712308233,0.0103989601039896,0.08065882948583357,0.07767819310538471,-0.4120207251980901,0.07767819310538471,0.4120207251980901,True,1
ETV6,HMGB1,0.23924462794696735,0.1755824417558244,0.3030472525266557,-0.35314659122377634,-0.07461083168163896,0.35314659122377634,0.07461083168163896,False,1
ETV6,SNX6,-0.5913167204155922,0.012598740125987402,0.08605967197842149,0.30293283332139254,-0.39974431646987796,0.30293283332139254,0.39974431646987796,True,1
ETV6,CCNDBP1,-0.27747476255285414,0.16778322167783222,0.2947613552553059,-0.21663785260170698,-0.35599199030548334,0.21663785260170698,0.35599199030548334,False,1
ETV6,RSL24D1,-0.3180383559035446,0.027997200279972004,0.12236818544633062,-0.13786949845962226,-0.37198327854275703,0.13786949845962226,0.37198327854275703,False,1
ETV6,TMEM208,0.45101773528098094,0.102989701029897,0.22531176974223233,-0.3516281903721392,-0.010924667119979858,0.3516281903721392,0.010924667119979858,False,1
ETV6,ATP5H,-0.5955126481937877,0.0029997000299970002,0.049870012998700135,0.1687741403002292,-0.4132503252476454,0.1687741403002292,0.4132503252476454,True,1
ETV6,SMCHD1,0.41389848488494,0.018598140185981403,0.10243701573813387,-0.09089620038866997,0.40608793403953314,0.09089620038866997,0.40608793403953314,False,1
AHR,TMCO1,0.2422239342126865,0.281971802819718,0.4103883142422803,-0.3798563495511189,-0.031724538654088974,0.3798563495511189,0.031724538654088974,False,1
AHR,ATP5G3,-0.8633615371485135,1.198977993741159e-07,0.000542177848769752,0.15646186470985413,-0.3999463003128767,0.15646186470985413,0.3999463003128767,True,1
AHR,ABTB1,0.48200493522137994,0.015998400159984,0.09494063716987881,-0.2429982254980132,0.4361408459953964,0.2429982254980132,0.4361408459953964,True,1
AHR,CISD2,-0.6038614745306141,0.0005118448547613335,0.04335730810480596,0.061193451285362244,-0.4196816121402662,0.061193451285362244,0.4196816121402662,True,1
AHR,MED10,-0.2377882806430245,0.294970502949705,0.4217061695664135,-0.12275601644068956,-0.4178535519167781,0.12275601644068956,0.4178535519167781,False,1
AHR,PSMA2-1,0.38039425028656904,0.0235976402359764,0.11364060612043163,-0.404574588406831,-0.00735070212977007,0.404574588406831,0.00735070212977007,False,1
AHR,ARPC1B,0.2863939576296698,0.05219478052194781,0.16255151344369698,-0.36502616573125124,-0.03480413765646517,0.36502616573125124,0.03480413765646517,False,1
AHR,NDUFB11,-0.34407362960865734,0.07279272072792721,0.18994153671764966,-0.0017583481967449188,-0.35121345380321145,0.0017583481967449188,0.35121345380321145,False,1
AHR,ZFAND5,0.2817106836468893,0.11078892110788921,0.23520539964782863,-0.40168901602737606,-0.06708003394305706,0.40168901602737606,0.06708003394305706,False,1
AHR,ANAPC16,-0.5703609628718135,0.001999800019998,0.04411266190454125,0.039962473791092634,-0.4022792507894337,0.039962473791092634,0.4022792507894337,True,1
AHR,POMP,0.3890421212387298,0.046995300469953004,0.15534557655345577,-0.15144921804312617,0.3613224904984236,0.15144921804312617,0.3613224904984236,False,1
AHR,ANAPC11,0.7596964792415174,0.001546946137292706,0.043993438493988436,-0.2611197531223297,0.36629197327420115,0.2611197531223297,0.36629197327420115,True,1
ZNF267,GBP2,0.6045462497817173,0.0010770147944014518,0.04335730810480596,-0.22217745805392042,0.35168924182653427,0.22217745805392042,0.35168924182653427,True,1
ZNF267,CCRL2,0.26236324115188986,0.11598840115988401,0.2403755958043059,0.12118883617222309,0.36843849462457,0.12118883617222309,0.36843849462457,False,1
ZNF267,SQSTM1,-0.37820551406048053,0.0081991800819918,0.071993577341295,0.404648432508111,0.109461126383394,0.404648432508111,0.109461126383394,True,1
ZNF267,MPLKIP,0.2671805926472489,0.12478752124787522,0.25001735537567205,-0.35772690922021866,-0.08422308752778918,0.35772690922021866,0.08422308752778918,False,1
ZNF267,MKRN1,-0.5498126921910361,0.0021997800219978004,0.04584057723259933,0.14813056879211217,-0.3862612957600504,0.14813056879211217,0.3862612957600504,True,1
ZNF267,C11orf73,-0.5420134645702477,0.0011998800119988001,0.04335730810480596,0.040379324927926064,-0.45064531452953815,0.040379324927926064,0.45064531452953815,True,1
RELB,ELOVL1,0.3756661872210448,0.021397860213978603,0.10970648966849347,-0.38402426429092884,0.03583436366170645,0.38402426429092884,0.03583436366170645,False,1
RELB,GUK1,-0.29823036181014617,0.09559044095590441,0.21721606733798982,-0.0022437921725213528,-0.4015234154649079,0.0022437921725213528,0.4015234154649079,False,1
RELB,LAPTM4A,-0.08624297363879764,0.5673432656734326,0.6627554242767405,-0.26705177500844,-0.3774064425379038,0.26705177500844,0.3774064425379038,False,1
RELB,RTN4,0.34857490879080316,0.039996000399960006,0.14480537534717305,-0.412201588973403,-0.05347389110829681,0.412201588973403,0.05347389110829681,False,1
RELB,SEPT2,-0.7144595464942421,0.00048061166708252386,0.04335730810480596,0.15051712561398745,-0.4459335748106241,0.15051712561398745,0.4459335748106241,True,1
RELB,SLC6A6,0.5326924891603815,0.009799020097990201,0.07932540079325401,-0.41378746926784515,0.07219572458416224,0.41378746926784515,0.07219572458416224,True,1
RELB,CDV3,0.49205155925903077,0.0263973602639736,0.12008939951075313,-0.4034184901975095,0.09045737842097878,0.4034184901975095,0.09045737842097878,False,1
RELB,CCT5,0.027431593469767042,0.8721127887211279,0.9068047897440654,-0.3524507861584425,-0.2083153324201703,0.3524507861584425,0.2083153324201703,False,1
RELB,HMGA1,0.3464581983511099,0.040195980401959805,0.14506482312662589,-0.04701811610721052,0.3802480841986835,0.04701811610721052,0.3802480841986835,False,1
RELB,ABRACL,0.1885063184040865,0.2565743425657434,0.3873887068722176,-0.3939827857539058,-0.16717231553047895,0.3939827857539058,0.16717231553047895,False,1
RELB,PSMC2,0.3724428464302372,0.032996700329967,0.1323966982183769,-0.3656366690993309,-0.07843249663710594,0.3656366690993309,0.07843249663710594,False,1
RELB,MRPS16,0.27540044931666285,0.21777822217778223,0.34934129857677587,-0.38777302764356136,-0.041594611713662744,0.38777302764356136,0.041594611713662744,False,1
RELB,HTATIP2,-0.23246843353803717,0.23877612238776122,0.3700293438784977,-0.1428299844264984,-0.3598929699510336,0.1428299844264984,0.3598929699510336,False,1
RELB,TMEM179B,0.1982050953270498,0.3217678232176782,0.44619260858336124,-0.3695159675553441,-0.06679436098784208,0.3695159675553441,0.06679436098784208,False,1
RELB,RPS25,0.5630619489816945,0.0017998200179982,0.043993438493988436,-0.06397456862032413,0.4773447184334145,0.06397456862032413,0.4773447184334145,True,1
RELB,SNRNP35,0.44612230623561505,0.025797420257974202,0.11879423055657774,-0.4335495103150606,-0.0677827000617981,0.4335495103150606,0.0677827000617981,False,1
RELB,PSMA6,0.24750259092726254,0.49035096490350966,0.5952663257164217,-0.3671844145283103,-0.07756086252629757,0.3671844145283103,0.07756086252629757,False,1
RELB,TM2D3,-0.3717595380646085,0.072992700729927,0.19010758315322976,-0.10552529827691615,-0.3776019848883152,0.10552529827691615,0.3776019848883152,False,1
RELB,DDX5,0.4620833454348598,0.011398860113988602,0.08300425996047739,-0.40216903830878437,0.03756792063359171,0.40216903830878437,0.03756792063359171,True,1
RELB,TSEN34,0.4714889237628119,0.006799320067993201,0.06727904890036161,-0.3805405981838703,-0.020520142512395978,0.3805405981838703,0.020520142512395978,True,1
MAFB,DUSP6,-0.16583051950144695,0.12198780121987801,0.24681379736746684,0.37294758204370737,0.14873901661485434,0.37294758204370737,0.14873901661485434,False,1
MAFB,RPL36,0.07338809733419017,0.43895610438956106,0.548937915942919,-0.35029117949306965,-0.21207395708188415,0.35029117949306965,0.21207395708188415,False,1
KLF6,TMX1,-0.4685646583103604,0.013398660133986601,0.0891010898910109,0.3693067878484726,-0.06293887225911021,0.3693067878484726,0.06293887225911021,True,1
KLF6,ZNF207,0.3809934476113381,0.011198880111988802,0.08300425996047739,-0.4397016288712621,0.0034299036487936974,0.4397016288712621,0.0034299036487936974,True,1
BBX,SEP15,-0.3522840581818734,0.05879412058794121,0.17086568978063635,-0.00032543891575187445,-0.36712255608290434,0.00032543891575187445,0.36712255608290434,False,1
BBX,OSTC,0.5336099453361384,0.001999800019998,0.04411266190454125,-0.3512618242530152,0.1240735100582242,0.3512618242530152,0.1240735100582242,True,1
BBX,RNF130,-0.27186734191685696,0.08199180081991801,0.20194276868609437,0.03351009963080287,-0.35113669000566006,0.03351009963080287,0.35113669000566006,False,1
BBX,DDAH2,-0.3030663052939775,0.0633936606339366,0.17662731570342657,-0.04023101617349312,-0.3653405290096998,0.04023101617349312,0.3653405290096998,False,1
BBX,C6orf48,0.42254948992525676,0.0217978202179782,0.11064966918213628,0.018613049294799566,0.47575418278574944,0.018613049294799566,0.47575418278574944,False,1
BBX,TFEC,-0.5277853086044848,0.011398860113988602,0.08300425996047739,0.11997166834771633,-0.39973931293934584,0.11997166834771633,0.39973931293934584,True,1
BBX,RBM3,0.6394708428950022,0.0015632515565290094,0.043993438493988436,-0.2074687867425382,0.35055077774450183,0.2074687867425382,0.35055077774450183,True,1
BBX,STAG2,-0.13408807798883052,0.46895310468953105,0.5750016104680205,-0.15972252935171127,-0.3548324489966035,0.15972252935171127,0.3548324489966035,False,1
BBX,PUF60,-0.21423316233580558,0.2333766623337666,0.36478716456041915,-0.07345701172016561,-0.370769239962101,0.07345701172016561,0.370769239962101,False,1
BBX,PCGF5,0.49129866459932364,0.025797420257974202,0.11879423055657774,-0.011453233659267426,0.40420126961544156,0.011453233659267426,0.40420126961544156,False,1
BBX,PSMC3,-0.2636948512467709,0.2987701229877012,0.4243211357256234,0.02431959193199873,-0.38110893592238426,0.02431959193199873,0.38110893592238426,False,1
BBX,TMEM179B,0.503359699819307,0.0221977802219778,0.11116097692556325,0.05973717663437128,0.38057598657906055,0.05973717663437128,0.38057598657906055,False,1
BBX,FERMT3,-0.3814280020884342,0.056394360563943605,0.16810500887946803,0.3836488835513592,-0.026065459940582514,0.3836488835513592,0.026065459940582514,False,1
BBX,ARF3,-0.5784469588989091,0.012598740125987402,0.08605967197842149,0.363366074860096,-0.04118110705167055,0.363366074860096,0.04118110705167055,True,1
BBX,LINC00936,0.29804782899864046,0.15878412158784122,0.2853822725835525,0.13412850513122976,0.38532160595059395,0.13412850513122976,0.38532160595059395,False,1
BBX,RSRC2,-0.4385962903639405,0.028997100289971003,0.12405381978358455,-0.03918528789654374,-0.4139354433864355,0.03918528789654374,0.4139354433864355,False,1
BBX,CD68,-0.4417072500783122,0.0059994000599940004,0.06428741012154708,0.01473785424605012,-0.4131528567522764,0.01473785424605012,0.4131528567522764,True,1
BBX,ZNF207,0.37191930070115586,0.08859114088591141,0.20868682362532975,-0.3987280949950218,0.05025640409439802,0.3987280949950218,0.05025640409439802,False,1
BBX,EMILIN2,-0.32137193912606676,0.1121887811218878,0.23651173344204038,-0.05353139527142048,-0.36396592296659946,0.05353139527142048,0.36396592296659946,False,1
BBX,UBA52,0.26778272380997103,0.14958504149585042,0.27756403678466784,0.12815450318157673,0.3953191051259637,0.12815450318157673,0.3953191051259637,False,1
IRF1,GBP2,0.36508083507721223,0.013998600139986002,0.090560328802599,0.13152664538938552,0.48820073157548904,0.13152664538938552,0.48820073157548904,True,1
IRF1,LINC00152,0.43808511884206847,0.0013998600139986002,0.04335730810480596,-0.004860626067966223,0.4739310946315527,0.004860626067966223,0.4739310946315527,True,1
IRF1,CSNK1A1,0.4403874545197805,0.012798720127987202,0.08703129687031297,0.01655872631818056,0.4306361507624388,0.01655872631818056,0.4306361507624388,True,1
IRF1,TAP1,-0.338603692888934,0.0165983401659834,0.09709921633968556,0.4432652182877064,0.014747835462912917,0.4432652182877064,0.014747835462912917,True,1
IRF1,PNRC1,-0.14132356245297845,0.30116988301169884,0.4266573342665733,0.45017478708177805,0.37623507902026176,0.45017478708177805,0.37623507902026176,False,1
IRF1,UPP1,0.05768400792997489,0.670932906709329,0.7500515708626913,0.2534795820247382,0.35513244243338704,0.2534795820247382,0.35513244243338704,False,1
IRF1,SAT1,0.18169371800602116,0.04739526047395261,0.15609713609848047,0.2913760398514569,0.4849465359002352,0.2913760398514569,0.4849465359002352,False,1
IRF1,TM2D2,-0.3696049178570874,0.021997800219978002,0.11064966918213628,-0.05192018114030361,-0.37118425173684955,0.05192018114030361,0.37118425173684955,False,1
IRF1,SAR1A,0.3130092703462853,0.030596940305969402,0.12799201115966108,-0.3963606171309948,-0.03187776100821793,0.3963606171309948,0.03187776100821793,False,1
IRF1,IRF7,-0.1681205604145441,0.19158084191580843,0.3209813142435293,0.35177798522636294,0.12209197552874684,0.35177798522636294,0.12209197552874684,False,1
IRF1,UBE2L6,-0.1973418859746059,0.0903909609039096,0.2112392378333226,0.3529509846121073,0.037870771484449506,0.3529509846121073,0.037870771484449506,False,1
IRF1,HNRNPC,0.4167617914420897,0.023797620237976203,0.11387601980542687,0.003712747246026993,0.41715148091316223,0.003712747246026993,0.41715148091316223,False,1
IRF1,ZFAS1,0.04068371252695272,0.7335266473352665,0.7996642958654955,0.3324679024517536,0.4433574052527547,0.3324679024517536,0.4433574052527547,False,1
IRF1,IER2,0.21699924521990463,0.05599440055994401,0.1674647350079807,0.24500936060212553,0.4197419472038746,0.24500936060212553,0.4197419472038746,False,1
IRF1,TBCB,0.29456258225823023,0.08139186081391861,0.20123236446174955,-0.3571209367364645,-0.016856733709573746,0.3571209367364645,0.016856733709573746,False,1
NR1H2,GNB1,0.13041342875738896,0.48075192480751927,0.5861310876191971,-0.3825356401503086,-0.05295377969741821,0.3825356401503086,0.05295377969741821,False,1
NR1H2,H3F3A,0.0011333075698646083,0.9919008099190081,0.9949611381731643,-0.3801035573706031,-0.15750851418124512,0.3801035573706031,0.15750851418124512,False,1
NR1H2,WIPF1,0.5473698058020096,0.0037996200379962005,0.05524720839813125,-0.3672402771189809,0.02053962112404406,0.3672402771189809,0.02053962112404406,True,1
NR1H2,LAMTOR3,-0.4854512192950019,0.0377962203779622,0.14113501944603227,-0.022322962468024343,-0.40697296522557735,0.022322962468024343,0.40697296522557735,False,1
NR1H2,CCDC109B,0.43123068671464665,0.059994000599940006,0.17192197130096876,0.09326947294175625,0.4130172096192837,0.09326947294175625,0.4130172096192837,False,1
NR1H2,PPID,0.35454302788620723,0.09359064093590641,0.21526799507231373,-0.4354091975837946,-0.0025977957993745804,0.4354091975837946,0.0025977957993745804,False,1
NR1H2,NDUFS6,0.20607588475783087,0.35036496350364965,0.47081002793160875,-0.40283136907964945,-0.040834720246493816,0.40283136907964945,0.040834720246493816,False,1
NR1H2,SGTB,0.151334067061285,0.32156784321567844,0.44619260858336124,-0.3854856616817415,-0.1509741209447384,0.3854856616817415,0.1509741209447384,False,1
NR1H2,NDUFA4,0.4570368470441575,0.0301969803019698,0.1269058967709177,-0.3973604440689087,0.11208567675203085,0.3973604440689087,0.11208567675203085,False,1
NR1H2,CYCS,-0.5740851341937878,0.007399260073992601,0.06956227454177659,0.03025081939995289,-0.3602867126464844,0.03025081939995289,0.3602867126464844,True,1
NR1H2,ORAI2,0.6267771121664978,0.007799220077992201,0.071104986275566,-0.07103913184255362,0.3797057420015335,0.07103913184255362,0.3797057420015335,True,1
NR1H2,RAB2A,0.25371483419988194,0.23497650234976503,0.3664012909053922,-0.3615320511162281,-0.15906970761716366,0.3615320511162281,0.15906970761716366,False,1
NR1H2,PHF20L1,-0.46806777467690724,0.0057994200579942,0.06334535628562747,0.07868198119103909,-0.36086066253483295,0.07868198119103909,0.36086066253483295,True,1
NR1H2,FNBP1,0.5977878265889419,0.0037996200379962005,0.05524720839813125,-0.3866301476955414,0.14144917274825275,0.3866301476955414,0.14144917274825275,True,1
NR1H2,NCOA4,0.14968896339745688,0.37036296370362964,0.48894428142487595,-0.3625657856464386,-0.0821249894797802,0.3625657856464386,0.0821249894797802,False,1
NR1H2,ANAPC16,0.33850375586359716,0.1601839816018398,0.28621005302784636,-0.37472620559856296,-0.06523864157497883,0.37472620559856296,0.06523864157497883,False,1
NR1H2,UBC,-0.2868660333855152,0.11698830116988301,0.2409021392942673,0.3902006447315216,0.06067463383078575,0.3902006447315216,0.06067463383078575,False,1
NR1H2,SLC7A7,0.08573387206277201,0.6219378062193781,0.7103821065228663,-0.3870313689112663,-0.15736956521868706,0.3870313689112663,0.15736956521868706,False,1
NR1H2,RPS29,-0.5756588161271703,0.0053994600539946005,0.0619704527009228,-0.012649303767830133,-0.4270021356642246,0.012649303767830133,0.4270021356642246,True,1
NR1H2,MAP1LC3B,-0.5589476748653115,0.004999500049995001,0.05996747805325568,-0.17606671480461955,-0.5980718173086643,0.17606671480461955,0.5980718173086643,True,1
NR1H2,EMILIN2,-0.7040125359569029,0.00015884787453318498,0.03990611603550347,-0.013910221867263317,-0.46716124191880226,0.013910221867263317,0.46716124191880226,True,1
NR1H2,PSMF1,0.3042723089019344,0.13058694130586943,0.25618835079615687,-0.4213695768266916,-0.10860789095750079,0.4213695768266916,0.10860789095750079,False,1
NR1H2,DNASE2,-0.4775790192284533,0.0165983401659834,0.09709921633968556,0.4274525963701308,-0.020949164405465126,0.4274525963701308,0.020949164405465126,True,1
NR1H2,GMFG,0.29353988563490957,0.1643835616438356,0.29048162006777045,-0.35660118656232953,0.0919266790151596,0.35660118656232953,0.0919266790151596,False,1
NR1H2,IL10RB,0.3290776861432107,0.08899110088991101,0.20883121859064743,-0.37847105506807566,-0.0006600581109523773,0.37847105506807566,0.0006600581109523773,False,1
STAT1,PSMD4,0.5197262458889051,0.0037996200379962005,0.05524720839813125,-0.057905394583940506,0.3702437710016966,0.057905394583940506,0.3702437710016966,True,1
STAT1,MKRN1,-0.36694923444130034,0.018198180181981802,0.10147000096537818,-0.16623321827501059,-0.4458316136151552,0.16623321827501059,0.4458316136151552,False,1
STAT1,STAG2,0.33460775920061486,0.096990300969903,0.21863915303384918,0.06941066821309505,0.3544493541121483,0.06941066821309505,0.3544493541121483,False,1
STAT1,TM2D2,0.5079288204931676,0.0017998200179982,0.043993438493988436,-0.3610660694539547,0.021743600256741047,0.3610660694539547,0.021743600256741047,True,1
STAT1,CHORDC1,0.5280671792754039,0.000999900009999,0.04335730810480596,-0.12734961323440075,0.3914276612922549,0.12734961323440075,0.3914276612922549,True,1
STAT1,ATP5L,-0.5912589720127981,0.001999800019998,0.04411266190454125,0.41313876677304506,-0.0979608204215765,0.41313876677304506,0.0979608204215765,True,1
STAT1,HNRNPA1,0.3318160928478626,0.065993400659934,0.17923252719773067,0.04410070227459073,0.37884233123622835,0.04410070227459073,0.37884233123622835,False,1
STAT1,VPS35,-0.09821580338468694,0.5255474452554745,0.6258955879497644,-0.16913397889584303,-0.39062962867319584,0.16913397889584303,0.39062962867319584,False,1
STAT1,TMEM208,-0.5786100557970982,0.000999900009999,0.04335730810480596,0.3533465373329818,-0.15785764530301094,0.3533465373329818,0.15785764530301094,True,1
STAT1,RPL17,0.2597605755598214,0.20177982201779823,0.33224905956112283,0.05053710425272584,0.37522401101887226,0.05053710425272584,0.37522401101887226,False,1
STAT1,SIRPA,0.45957276210139747,0.0035996400359964,0.05524720839813125,-0.41966189816594124,-0.1084136413410306,0.41966189816594124,0.1084136413410306,True,1
STAT1,AP2S1,0.3884201728448245,0.028597140285971403,0.12339338585225447,0.03687890316359699,0.4166583416517824,0.03687890316359699,0.4166583416517824,False,1
IRF7,ELOVL1,0.35230111257377467,0.015198480151984802,0.09287503682064227,-0.37310647778213024,0.04798571695573628,0.37310647778213024,0.04798571695573628,True,1
IRF7,PFDN2,0.4177486038716016,0.003999600039996,0.05599440055994401,-0.4198006128426641,0.0017003752291202545,0.4198006128426641,0.0017003752291202545,True,1
IRF7,PLEKHB2,0.2871372748894571,0.0375962403759624,0.14113501944603227,-0.35130727104842663,-0.011929084779694676,0.35130727104842663,0.011929084779694676,False,1
IRF7,IRF1,-0.1681205604145441,0.19158084191580843,0.3209813142435293,0.35177798522636294,0.12209197552874684,0.35177798522636294,0.12209197552874684,False,1
IRF7,DYNLT1,-0.523740480597232,6.738316274481128e-05,0.039307882617888305,0.4843680839985609,-0.0448728334158659,0.4843680839985609,0.0448728334158659,True,1
IRF7,TAX1BP1,-0.3345751559403328,0.022397760223977603,0.11154479265729815,0.3519840957596898,-0.1787814314593561,0.3519840957596898,0.1787814314593561,False,1
IRF7,TFEC,-0.3325338723239582,0.06999300069993,0.18530933791866716,0.40954780019819736,0.010812832624651492,0.40954780019819736,0.010812832624651492,False,1
IRF7,GK,-0.19935040030696832,0.20837916208379162,0.3385880599866711,0.431717362254858,0.2667482793331146,0.431717362254858,0.2667482793331146,False,1
IRF7,GLRX3,0.14307630535644472,0.29517048295170484,0.4217254103973489,-0.3971579587087035,-0.2015409516170621,0.3971579587087035,0.2015409516170621,False,1
IRF7,TMEM179B,-0.4419997747447498,0.023397660233976603,0.11364060612043163,0.35757914520218037,0.01242808299139142,0.35757914520218037,0.01242808299139142,False,1
IRF7,UBE2N,0.33747186796634404,0.0115988401159884,0.0835190366313687,-0.4114053789526224,-0.1011046702042222,0.4114053789526224,0.1011046702042222,True,1
IRF7,RSRC2,0.3848352888303064,0.014998500149985002,0.09227648663705058,-0.04296577163040638,0.4150562575086951,0.04296577163040638,0.4150562575086951,True,1
IRF7,ZFAS1,0.05229626615282757,0.6611338866113389,0.7418479988229465,0.2543081361800432,0.4029293414205313,0.2543081361800432,0.4029293414205313,False,1
IRF7,APOBEC3A,-0.1934132434147379,0.029997000299970003,0.12630021914009715,0.40876297280192375,0.19241609051823616,0.40876297280192375,0.19241609051823616,False,1
